datetime,sw radiation,temp 2m,cloud cover
2020-05-15 00:00:00,0.0,27.4,8
2020-05-15 01:00:00,0.0,27.5,7
2020-05-15 02:00:00,0.0,27.5,9
2020-05-15 03:00:00,0.0,27.4,6
2020-05-15 04:00:00,0.0,27.4,7
2020-05-15 05:00:00,10.0,27.4,3
2020-05-15 06:00:00,110.0,28.5,8
2020-05-15 07:00:00,285.0,29.7,15
2020-05-15 08:00:00,503.0,30.9,1
2020-05-15 09:00:00,682.0,32.1,2
2020-05-15 10:00:00,818.0,33.0,0
2020-05-15 11:00:00,891.0,33.8,0
2020-05-15 12:00:00,894.0,34.4,0
2020-05-15 13:00:00,828.0,34.4,0
2020-05-15 14:00:00,703.0,33.8,0
2020-05-15 15:00:00,529.0,32.8,1
2020-05-15 16:00:00,325.0,31.7,38
2020-05-15 17:00:00,106.0,30.7,17
2020-05-15 18:00:00,14.0,29.8,5
2020-05-15 19:00:00,0.0,29.3,10
2020-05-15 20:00:00,0.0,28.9,18
2020-05-15 21:00:00,0.0,28.5,4
2020-05-15 22:00:00,0.0,28.3,1
2020-05-15 23:00:00,0.0,28.1,1
2020-05-16 00:00:00,0.0,28.1,3
2020-05-16 01:00:00,0.0,28.0,4
2020-05-16 02:00:00,0.0,27.8,6
2020-05-16 03:00:00,0.0,27.6,6
2020-05-16 04:00:00,0.0,27.4,3
2020-05-16 05:00:00,10.0,27.6,1
2020-05-16 06:00:00,119.0,28.6,2
2020-05-16 07:00:00,307.0,29.8,2
2020-05-16 08:00:00,506.0,31.1,1
2020-05-16 09:00:00,683.0,32.5,1
2020-05-16 10:00:00,814.0,33.7,0
2020-05-16 11:00:00,885.0,34.6,0
2020-05-16 12:00:00,888.0,35.2,1
2020-05-16 13:00:00,825.0,35.3,3
2020-05-16 14:00:00,697.0,34.9,3
2020-05-16 15:00:00,524.0,34.1,26
2020-05-16 16:00:00,295.0,33.0,19
2020-05-16 17:00:00,125.0,31.6,40
2020-05-16 18:00:00,12.0,30.6,31
2020-05-16 19:00:00,0.0,29.7,7
2020-05-16 20:00:00,0.0,29.1,6
2020-05-16 21:00:00,0.0,28.7,8
2020-05-16 22:00:00,0.0,28.5,3
2020-05-16 23:00:00,0.0,28.3,3
2020-05-17 00:00:00,0.0,28.1,2
2020-05-17 01:00:00,0.0,27.9,2
2020-05-17 02:00:00,0.0,27.8,4
2020-05-17 03:00:00,0.0,27.6,1
2020-05-17 04:00:00,0.0,27.4,0
2020-05-17 05:00:00,11.0,27.7,0
2020-05-17 06:00:00,115.0,29.0,51
2020-05-17 07:00:00,293.0,30.3,60
2020-05-17 08:00:00,489.0,31.7,59
2020-05-17 09:00:00,685.0,33.1,60
2020-05-17 10:00:00,816.0,34.4,0
2020-05-17 11:00:00,887.0,35.2,0
2020-05-17 12:00:00,890.0,35.8,34
2020-05-17 13:00:00,822.0,36.1,65
2020-05-17 14:00:00,692.0,36.3,44
2020-05-17 15:00:00,524.0,35.7,51
2020-05-17 16:00:00,259.0,34.0,13
2020-05-17 17:00:00,123.0,31.5,4
2020-05-17 18:00:00,16.0,30.3,19
2020-05-17 19:00:00,0.0,29.5,39
2020-05-17 20:00:00,0.0,28.7,46
2020-05-17 21:00:00,0.0,28.0,29
2020-05-17 22:00:00,0.0,27.6,20
2020-05-17 23:00:00,0.0,27.2,23
2020-05-18 00:00:00,0.0,26.8,1
2020-05-18 01:00:00,0.0,26.5,0
2020-05-18 02:00:00,0.0,26.2,0
2020-05-18 03:00:00,0.0,26.0,0
2020-05-18 04:00:00,0.0,25.7,68
2020-05-18 05:00:00,11.0,26.4,98
2020-05-18 06:00:00,119.0,27.7,98
2020-05-18 07:00:00,300.0,29.2,95
2020-05-18 08:00:00,479.0,30.6,74
2020-05-18 09:00:00,668.0,32.0,40
2020-05-18 10:00:00,820.0,33.4,1
2020-05-18 11:00:00,893.0,34.3,7
2020-05-18 12:00:00,897.0,34.8,6
2020-05-18 13:00:00,835.0,35.1,4
2020-05-18 14:00:00,707.0,35.0,44
2020-05-18 15:00:00,537.0,34.7,68
2020-05-18 16:00:00,336.0,34.0,52
2020-05-18 17:00:00,141.0,31.6,92
2020-05-18 18:00:00,16.0,30.2,100
2020-05-18 19:00:00,0.0,29.7,100
2020-05-18 20:00:00,0.0,29.2,100
2020-05-18 21:00:00,0.0,28.8,100
2020-05-18 22:00:00,0.0,28.3,100
2020-05-18 23:00:00,0.0,28.0,99
2020-05-19 00:00:00,0.0,27.7,100
2020-05-19 01:00:00,0.0,27.5,100
2020-05-19 02:00:00,0.0,27.1,100
2020-05-19 03:00:00,0.0,26.8,100
2020-05-19 04:00:00,0.0,26.8,100
2020-05-19 05:00:00,3.0,27.7,100
2020-05-19 06:00:00,74.0,28.7,100
2020-05-19 07:00:00,118.0,29.4,99
2020-05-19 08:00:00,317.0,30.6,100
2020-05-19 09:00:00,242.0,30.8,100
2020-05-19 10:00:00,582.0,32.4,100
2020-05-19 11:00:00,262.0,31.7,100
2020-05-19 12:00:00,260.0,31.3,100
2020-05-19 13:00:00,202.0,30.8,100
2020-05-19 14:00:00,417.0,31.5,100
2020-05-19 15:00:00,215.0,30.8,100
2020-05-19 16:00:00,100.0,30.2,100
2020-05-19 17:00:00,46.0,27.0,100
2020-05-19 18:00:00,4.0,25.4,100
2020-05-19 19:00:00,0.0,25.6,100
2020-05-19 20:00:00,0.0,25.8,100
2020-05-19 21:00:00,0.0,25.7,100
2020-05-19 22:00:00,0.0,25.3,100
2020-05-19 23:00:00,0.0,25.0,100
2020-05-20 00:00:00,0.0,24.8,100
2020-05-20 01:00:00,0.0,24.9,100
2020-05-20 02:00:00,0.0,24.8,100
2020-05-20 03:00:00,0.0,24.7,100
2020-05-20 04:00:00,0.0,24.6,100
2020-05-20 05:00:00,2.0,23.9,100
2020-05-20 06:00:00,34.0,24.5,100
2020-05-20 07:00:00,49.0,24.9,100
2020-05-20 08:00:00,156.0,25.5,100
2020-05-20 09:00:00,224.0,26.1,100
2020-05-20 10:00:00,191.0,26.8,100
2020-05-20 11:00:00,306.0,27.7,100
2020-05-20 12:00:00,218.0,28.2,100
2020-05-20 13:00:00,158.0,27.5,100
2020-05-20 14:00:00,48.0,26.8,100
2020-05-20 15:00:00,52.0,26.5,100
2020-05-20 16:00:00,12.0,26.0,100
2020-05-20 17:00:00,5.0,25.1,100
2020-05-20 18:00:00,0.0,25.4,100
2020-05-20 19:00:00,0.0,25.3,100
2020-05-20 20:00:00,0.0,25.0,100
2020-05-20 21:00:00,0.0,25.1,100
2020-05-20 22:00:00,0.0,23.7,100
2020-05-20 23:00:00,0.0,23.4,100
2020-05-21 00:00:00,0.0,23.4,100
2020-05-21 01:00:00,0.0,23.3,100
2020-05-21 02:00:00,0.0,23.4,100
2020-05-21 03:00:00,0.0,23.5,100
2020-05-21 04:00:00,0.0,23.8,100
2020-05-21 05:00:00,11.0,23.7,99
2020-05-21 06:00:00,41.0,24.2,100
2020-05-21 07:00:00,95.0,24.8,100
2020-05-21 08:00:00,170.0,25.4,100
2020-05-21 09:00:00,289.0,26.5,100
2020-05-21 10:00:00,370.0,27.7,100
2020-05-21 11:00:00,306.0,27.9,100
2020-05-21 12:00:00,344.0,28.3,100
2020-05-21 13:00:00,223.0,28.0,100
2020-05-21 14:00:00,223.0,28.4,100
2020-05-21 15:00:00,433.0,29.3,98
2020-05-21 16:00:00,246.0,28.9,93
2020-05-21 17:00:00,113.0,26.6,96
2020-05-21 18:00:00,14.0,25.9,90
2020-05-21 19:00:00,0.0,25.4,92
2020-05-21 20:00:00,0.0,24.9,94
2020-05-21 21:00:00,0.0,24.8,95
2020-05-21 22:00:00,0.0,24.8,95
2020-05-21 23:00:00,0.0,24.7,96
2020-05-22 00:00:00,0.0,24.5,97
2020-05-22 01:00:00,0.0,24.6,100
2020-05-22 02:00:00,0.0,24.7,100
2020-05-22 03:00:00,0.0,24.6,100
2020-05-22 04:00:00,0.0,24.5,100
2020-05-22 05:00:00,4.0,24.2,100
2020-05-22 06:00:00,76.0,25.0,94
2020-05-22 07:00:00,189.0,26.1,100
2020-05-22 08:00:00,368.0,27.7,74
2020-05-22 09:00:00,637.0,29.5,97
2020-05-22 10:00:00,626.0,31.4,69
2020-05-22 11:00:00,604.0,32.3,76
2020-05-22 12:00:00,697.0,32.9,29
2020-05-22 13:00:00,727.0,33.1,4
2020-05-22 14:00:00,697.0,32.7,1
2020-05-22 15:00:00,537.0,32.1,1
2020-05-22 16:00:00,339.0,31.1,1
2020-05-22 17:00:00,145.0,29.9,2
2020-05-22 18:00:00,18.0,28.7,3
2020-05-22 19:00:00,0.0,28.2,6
2020-05-22 20:00:00,0.0,27.7,11
2020-05-22 21:00:00,0.0,27.2,12
2020-05-22 22:00:00,0.0,27.1,17
2020-05-22 23:00:00,0.0,26.9,31
2020-05-23 00:00:00,0.0,26.9,37
2020-05-23 01:00:00,0.0,27.0,43
2020-05-23 02:00:00,0.0,26.9,90
2020-05-23 03:00:00,0.0,27.0,51
2020-05-23 04:00:00,0.0,26.8,36
2020-05-23 05:00:00,10.0,27.5,29
2020-05-23 06:00:00,106.0,28.6,37
2020-05-23 07:00:00,251.0,29.9,60
2020-05-23 08:00:00,391.0,31.0,64
2020-05-23 09:00:00,533.0,31.7,58
2020-05-23 10:00:00,679.0,32.4,72
2020-05-23 11:00:00,782.0,33.1,76
2020-05-23 12:00:00,761.0,33.1,95
2020-05-23 13:00:00,582.0,32.4,89
2020-05-23 14:00:00,611.0,32.4,22
2020-05-23 15:00:00,516.0,32.1,19
2020-05-23 16:00:00,326.0,31.1,23
2020-05-23 17:00:00,139.0,30.1,14
2020-05-23 18:00:00,19.0,29.2,4
2020-05-23 19:00:00,0.0,28.4,6
2020-05-23 20:00:00,0.0,28.0,17
2020-05-23 21:00:00,0.0,27.8,23
2020-05-23 22:00:00,0.0,27.8,36
2020-05-23 23:00:00,0.0,27.9,38
2020-05-24 00:00:00,0.0,27.9,37
2020-05-24 01:00:00,0.0,27.9,37
2020-05-24 02:00:00,0.0,27.6,33
2020-05-24 03:00:00,0.0,27.6,35
2020-05-24 04:00:00,0.0,27.6,30
2020-05-24 05:00:00,11.0,28.0,49
2020-05-24 06:00:00,104.0,28.9,40
2020-05-24 07:00:00,258.0,30.0,54
2020-05-24 08:00:00,399.0,30.9,64
2020-05-24 09:00:00,547.0,31.6,66
2020-05-24 10:00:00,666.0,32.2,69
2020-05-24 11:00:00,766.0,32.7,73
2020-05-24 12:00:00,835.0,32.8,1
2020-05-24 13:00:00,825.0,33.0,31
2020-05-24 14:00:00,700.0,32.4,10
2020-05-24 15:00:00,538.0,31.7,51
2020-05-24 16:00:00,339.0,30.7,3
2020-05-24 17:00:00,146.0,29.8,0
2020-05-24 18:00:00,19.0,29.1,1
2020-05-24 19:00:00,0.0,28.6,8
2020-05-24 20:00:00,0.0,28.3,16
2020-05-24 21:00:00,0.0,28.2,32
2020-05-24 22:00:00,0.0,28.3,47
2020-05-24 23:00:00,0.0,28.2,78
2020-05-25 00:00:00,0.0,28.1,92
2020-05-25 01:00:00,0.0,28.1,81
2020-05-25 02:00:00,0.0,28.1,86
2020-05-25 03:00:00,0.0,28.1,98
2020-05-25 04:00:00,0.0,28.3,92
2020-05-25 05:00:00,10.0,28.6,85
2020-05-25 06:00:00,78.0,29.3,87
2020-05-25 07:00:00,231.0,30.1,96
2020-05-25 08:00:00,342.0,30.8,98
2020-05-25 09:00:00,482.0,31.6,93
2020-05-25 10:00:00,647.0,32.2,91
2020-05-25 11:00:00,736.0,32.8,100
2020-05-25 12:00:00,619.0,32.7,31
2020-05-25 13:00:00,719.0,32.3,55
2020-05-25 14:00:00,664.0,32.0,72
2020-05-25 15:00:00,491.0,31.4,45
2020-05-25 16:00:00,239.0,30.5,30
2020-05-25 17:00:00,120.0,29.7,11
2020-05-25 18:00:00,19.0,29.2,13
2020-05-25 19:00:00,0.0,28.8,17
2020-05-25 20:00:00,0.0,28.6,34
2020-05-25 21:00:00,0.0,28.6,23
2020-05-25 22:00:00,0.0,28.5,49
2020-05-25 23:00:00,0.0,28.5,51
2020-05-26 00:00:00,0.0,28.4,46
2020-05-26 01:00:00,0.0,28.2,46
2020-05-26 02:00:00,0.0,28.2,31
2020-05-26 03:00:00,0.0,28.2,39
2020-05-26 04:00:00,0.0,28.2,52
2020-05-26 05:00:00,10.0,28.1,69
2020-05-26 06:00:00,96.0,28.9,79
2020-05-26 07:00:00,212.0,29.8,100
2020-05-26 08:00:00,213.0,30.2,100
2020-05-26 09:00:00,279.0,30.6,100
2020-05-26 10:00:00,369.0,31.2,98
2020-05-26 11:00:00,375.0,31.4,100
2020-05-26 12:00:00,520.0,31.5,96
2020-05-26 13:00:00,361.0,31.1,97
2020-05-26 14:00:00,545.0,31.0,3
2020-05-26 15:00:00,528.0,30.9,89
2020-05-26 16:00:00,197.0,30.0,7
2020-05-26 17:00:00,138.0,29.7,46
2020-05-26 18:00:00,19.0,29.1,4
2020-05-26 19:00:00,0.0,28.8,20
2020-05-26 20:00:00,0.0,28.7,51
2020-05-26 21:00:00,0.0,28.6,25
2020-05-26 22:00:00,0.0,28.5,16
2020-05-26 23:00:00,0.0,28.4,13
2020-05-27 00:00:00,0.0,28.3,33
2020-05-27 01:00:00,0.0,28.3,44
2020-05-27 02:00:00,0.0,28.2,67
2020-05-27 03:00:00,0.0,28.3,46
2020-05-27 04:00:00,0.0,28.2,57
2020-05-27 05:00:00,10.0,28.2,39
2020-05-27 06:00:00,55.0,28.7,100
2020-05-27 07:00:00,78.0,28.9,100
2020-05-27 08:00:00,201.0,29.7,50
2020-05-27 09:00:00,421.0,30.6,79
2020-05-27 10:00:00,496.0,30.9,96
2020-05-27 11:00:00,579.0,31.7,97
2020-05-27 12:00:00,670.0,32.0,84
2020-05-27 13:00:00,664.0,32.2,54
2020-05-27 14:00:00,604.0,31.9,83
2020-05-27 15:00:00,410.0,31.0,15
2020-05-27 16:00:00,301.0,30.5,100
2020-05-27 17:00:00,39.0,29.2,100
2020-05-27 18:00:00,16.0,28.6,99
2020-05-27 19:00:00,0.0,27.5,100
2020-05-27 20:00:00,0.0,26.9,100
2020-05-27 21:00:00,0.0,26.4,96
2020-05-27 22:00:00,0.0,25.9,75
2020-05-27 23:00:00,0.0,26.6,18
2020-05-28 00:00:00,0.0,26.7,1
2020-05-28 01:00:00,0.0,26.8,3
2020-05-28 02:00:00,0.0,27.0,16
2020-05-28 03:00:00,0.0,27.3,26
2020-05-28 04:00:00,0.0,27.4,42
2020-05-28 05:00:00,11.0,26.9,57
2020-05-28 06:00:00,28.0,26.9,97
2020-05-28 07:00:00,190.0,28.5,100
2020-05-28 08:00:00,189.0,29.0,100
2020-05-28 09:00:00,255.0,30.1,98
2020-05-28 10:00:00,117.0,30.3,78
2020-05-28 11:00:00,646.0,32.1,98
2020-05-28 12:00:00,430.0,31.4,98
2020-05-28 13:00:00,529.0,31.6,43
2020-05-28 14:00:00,502.0,31.5,84
2020-05-28 15:00:00,311.0,30.6,75
2020-05-28 16:00:00,217.0,29.8,91
2020-05-28 17:00:00,71.0,27.4,86
2020-05-28 18:00:00,16.0,27.0,33
2020-05-28 19:00:00,0.0,27.0,55
2020-05-28 20:00:00,0.0,27.0,28
2020-05-28 21:00:00,0.0,26.7,17
2020-05-28 22:00:00,0.0,26.6,19
2020-05-28 23:00:00,0.0,26.4,56
2020-05-29 00:00:00,0.0,26.5,100
2020-05-29 01:00:00,0.0,26.5,30
2020-05-29 02:00:00,0.0,26.2,59
2020-05-29 03:00:00,0.0,26.1,99
2020-05-29 04:00:00,0.0,26.0,93
2020-05-29 05:00:00,10.0,25.8,100
2020-05-29 06:00:00,69.0,26.8,100
2020-05-29 07:00:00,161.0,27.6,100
2020-05-29 08:00:00,202.0,28.3,98
2020-05-29 09:00:00,180.0,28.5,93
2020-05-29 10:00:00,309.0,29.2,57
2020-05-29 11:00:00,618.0,30.4,50
2020-05-29 12:00:00,654.0,30.6,49
2020-05-29 13:00:00,535.0,30.5,82
2020-05-29 14:00:00,406.0,29.2,63
2020-05-29 15:00:00,299.0,27.7,62
2020-05-29 16:00:00,260.0,28.2,11
2020-05-29 17:00:00,134.0,29.9,20
2020-05-29 18:00:00,20.0,28.7,23
2020-05-29 19:00:00,0.0,28.1,10
2020-05-29 20:00:00,0.0,27.7,5
2020-05-29 21:00:00,0.0,27.3,2
2020-05-29 22:00:00,0.0,27.0,4
2020-05-29 23:00:00,0.0,26.8,23
2020-05-30 00:00:00,0.0,26.7,68
2020-05-30 01:00:00,0.0,26.8,23
2020-05-30 02:00:00,0.0,27.0,23
2020-05-30 03:00:00,0.0,27.0,19
2020-05-30 04:00:00,0.0,26.9,24
2020-05-30 05:00:00,12.0,26.9,28
2020-05-30 06:00:00,114.0,28.2,17
2020-05-30 07:00:00,262.0,29.6,55
2020-05-30 08:00:00,413.0,30.7,80
2020-05-30 09:00:00,488.0,31.6,86
2020-05-30 10:00:00,619.0,32.2,34
2020-05-30 11:00:00,742.0,32.6,33
2020-05-30 12:00:00,670.0,31.5,47
2020-05-30 13:00:00,475.0,30.2,65
2020-05-30 14:00:00,494.0,29.1,39
2020-05-30 15:00:00,442.0,30.2,91
2020-05-30 16:00:00,221.0,30.0,100
2020-05-30 17:00:00,26.0,29.7,100
2020-05-30 18:00:00,18.0,28.7,100
2020-05-30 19:00:00,0.0,28.0,89
2020-05-30 20:00:00,0.0,27.6,43
2020-05-30 21:00:00,0.0,27.3,72
2020-05-30 22:00:00,0.0,27.0,15
2020-05-30 23:00:00,0.0,26.7,8
2020-05-31 00:00:00,0.0,26.7,7
2020-05-31 01:00:00,0.0,26.7,9
2020-05-31 02:00:00,0.0,26.7,16
2020-05-31 03:00:00,0.0,26.8,39
2020-05-31 04:00:00,0.0,27.0,38
2020-05-31 05:00:00,10.0,26.0,64
2020-05-31 06:00:00,109.0,27.0,100
2020-05-31 07:00:00,172.0,28.1,78
2020-05-31 08:00:00,337.0,29.4,96
2020-05-31 09:00:00,317.0,29.8,85
2020-05-31 10:00:00,434.0,30.4,73
2020-05-31 11:00:00,590.0,30.8,76
2020-05-31 12:00:00,590.0,31.3,53
2020-05-31 13:00:00,602.0,32.0,61
2020-05-31 14:00:00,490.0,31.8,46
2020-05-31 15:00:00,408.0,31.9,45
2020-05-31 16:00:00,257.0,30.4,49
2020-05-31 17:00:00,104.0,30.3,80
2020-05-31 18:00:00,19.0,29.3,28
2020-05-31 19:00:00,0.0,28.7,22
2020-05-31 20:00:00,0.0,28.3,80
2020-05-31 21:00:00,0.0,27.9,98
2020-05-31 22:00:00,0.0,27.5,92
2020-05-31 23:00:00,0.0,27.2,98
2020-06-01 00:00:00,0.0,27.1,95
2020-06-01 01:00:00,0.0,27.2,91
2020-06-01 02:00:00,0.0,27.3,32
2020-06-01 03:00:00,0.0,27.3,13
2020-06-01 04:00:00,0.0,27.2,7
2020-06-01 05:00:00,13.0,26.9,8
2020-06-01 06:00:00,114.0,27.8,92
2020-06-01 07:00:00,282.0,29.2,90
2020-06-01 08:00:00,437.0,30.5,94
2020-06-01 09:00:00,548.0,31.5,100
2020-06-01 10:00:00,452.0,31.8,100
2020-06-01 11:00:00,677.0,32.6,42
2020-06-01 12:00:00,699.0,31.9,41
2020-06-01 13:00:00,669.0,32.6,26
2020-06-01 14:00:00,643.0,32.1,29
2020-06-01 15:00:00,447.0,31.6,58
2020-06-01 16:00:00,267.0,31.0,92
2020-06-01 17:00:00,105.0,30.0,99
2020-06-01 18:00:00,18.0,29.0,85
2020-06-01 19:00:00,0.0,28.3,87
2020-06-01 20:00:00,0.0,27.9,91
2020-06-01 21:00:00,0.0,27.7,90
2020-06-01 22:00:00,0.0,27.6,98
2020-06-01 23:00:00,0.0,27.7,100
2020-06-02 00:00:00,0.0,27.8,99
2020-06-02 01:00:00,0.0,27.7,98
2020-06-02 02:00:00,0.0,27.6,98
2020-06-02 03:00:00,0.0,27.6,98
2020-06-02 04:00:00,0.0,27.4,97
2020-06-02 05:00:00,10.0,27.4,90
2020-06-02 06:00:00,108.0,28.0,82
2020-06-02 07:00:00,295.0,29.2,93
2020-06-02 08:00:00,416.0,30.3,93
2020-06-02 09:00:00,543.0,31.5,67
2020-06-02 10:00:00,724.0,32.3,5
2020-06-02 11:00:00,867.0,33.3,34
2020-06-02 12:00:00,789.0,32.0,83
2020-06-02 13:00:00,480.0,31.0,97
2020-06-02 14:00:00,398.0,30.1,100
2020-06-02 15:00:00,122.0,29.5,100
2020-06-02 16:00:00,92.0,28.9,97
2020-06-02 17:00:00,108.0,30.3,96
2020-06-02 18:00:00,22.0,28.8,99
2020-06-02 19:00:00,0.0,28.0,99
2020-06-02 20:00:00,0.0,27.7,93
2020-06-02 21:00:00,0.0,27.7,95
2020-06-02 22:00:00,0.0,27.5,89
2020-06-02 23:00:00,0.0,27.3,34
2020-06-03 00:00:00,0.0,27.0,35
2020-06-03 01:00:00,0.0,26.9,49
2020-06-03 02:00:00,0.0,26.8,29
2020-06-03 03:00:00,0.0,26.7,22
2020-06-03 04:00:00,0.0,26.7,17
2020-06-03 05:00:00,12.0,27.1,11
2020-06-03 06:00:00,119.0,28.0,79
2020-06-03 07:00:00,284.0,29.1,97
2020-06-03 08:00:00,287.0,29.3,57
2020-06-03 09:00:00,582.0,30.3,39
2020-06-03 10:00:00,792.0,31.5,77
2020-06-03 11:00:00,843.0,32.1,59
2020-06-03 12:00:00,813.0,32.6,36
2020-06-03 13:00:00,759.0,32.1,52
2020-06-03 14:00:00,485.0,29.2,87
2020-06-03 15:00:00,288.0,29.4,88
2020-06-03 16:00:00,202.0,29.5,85
2020-06-03 17:00:00,110.0,30.5,79
2020-06-03 18:00:00,19.0,29.8,29
2020-06-03 19:00:00,0.0,29.2,26
2020-06-03 20:00:00,0.0,28.6,22
2020-06-03 21:00:00,0.0,28.4,21
2020-06-03 22:00:00,0.0,28.2,32
2020-06-03 23:00:00,0.0,28.1,24
2020-06-04 00:00:00,0.0,28.0,27
2020-06-04 01:00:00,0.0,27.9,39
2020-06-04 02:00:00,0.0,27.8,91
2020-06-04 03:00:00,0.0,27.7,95
2020-06-04 04:00:00,0.0,27.5,100
2020-06-04 05:00:00,9.0,28.0,100
2020-06-04 06:00:00,103.0,28.9,90
2020-06-04 07:00:00,281.0,30.0,85
2020-06-04 08:00:00,463.0,31.2,66
2020-06-04 09:00:00,633.0,32.2,28
2020-06-04 10:00:00,728.0,33.0,25
2020-06-04 11:00:00,739.0,31.6,87
2020-06-04 12:00:00,371.0,30.7,100
2020-06-04 13:00:00,378.0,31.1,98
2020-06-04 14:00:00,393.0,30.2,94
2020-06-04 15:00:00,267.0,30.1,98
2020-06-04 16:00:00,142.0,29.5,100
2020-06-04 17:00:00,53.0,31.0,100
2020-06-04 18:00:00,22.0,30.0,83
2020-06-04 19:00:00,0.0,29.3,100
2020-06-04 20:00:00,0.0,29.0,100
2020-06-04 21:00:00,0.0,28.7,100
2020-06-04 22:00:00,0.0,28.4,100
2020-06-04 23:00:00,0.0,28.2,100
2020-06-05 00:00:00,0.0,28.1,100
2020-06-05 01:00:00,0.0,28.1,100
2020-06-05 02:00:00,0.0,28.0,100
2020-06-05 03:00:00,0.0,27.9,100
2020-06-05 04:00:00,0.0,27.9,92
2020-06-05 05:00:00,12.0,27.4,94
2020-06-05 06:00:00,87.0,28.3,75
2020-06-05 07:00:00,255.0,29.2,96
2020-06-05 08:00:00,343.0,30.0,89
2020-06-05 09:00:00,502.0,31.1,73
2020-06-05 10:00:00,643.0,31.8,62
2020-06-05 11:00:00,683.0,31.0,77
2020-06-05 12:00:00,491.0,29.9,97
2020-06-05 13:00:00,417.0,30.8,100
2020-06-05 14:00:00,259.0,30.1,100
2020-06-05 15:00:00,277.0,30.4,100
2020-06-05 16:00:00,180.0,30.6,100
2020-06-05 17:00:00,82.0,31.1,99
2020-06-05 18:00:00,18.0,30.2,100
2020-06-05 19:00:00,0.0,29.9,100
2020-06-05 20:00:00,0.0,29.3,100
2020-06-05 21:00:00,0.0,29.2,100
2020-06-05 22:00:00,0.0,29.1,100
2020-06-05 23:00:00,0.0,28.9,99
2020-06-06 00:00:00,0.0,28.7,100
2020-06-06 01:00:00,0.0,28.4,100
2020-06-06 02:00:00,0.0,28.3,100
2020-06-06 03:00:00,0.0,28.2,100
2020-06-06 04:00:00,0.0,27.9,100
2020-06-06 05:00:00,13.0,28.4,100
2020-06-06 06:00:00,104.0,29.3,100
2020-06-06 07:00:00,255.0,30.3,100
2020-06-06 08:00:00,392.0,31.3,99
2020-06-06 09:00:00,509.0,31.9,100
2020-06-06 10:00:00,456.0,32.2,98
2020-06-06 11:00:00,638.0,32.7,96
2020-06-06 12:00:00,760.0,33.2,95
2020-06-06 13:00:00,435.0,31.2,98
2020-06-06 14:00:00,437.0,31.0,98
2020-06-06 15:00:00,363.0,31.2,99
2020-06-06 16:00:00,220.0,30.9,99
2020-06-06 17:00:00,101.0,31.3,97
2020-06-06 18:00:00,22.0,30.6,77
2020-06-06 19:00:00,0.0,30.0,26
2020-06-06 20:00:00,0.0,29.2,26
2020-06-06 21:00:00,0.0,28.7,24
2020-06-06 22:00:00,0.0,28.3,18
2020-06-06 23:00:00,0.0,28.0,15
2020-06-07 00:00:00,0.0,27.7,14
2020-06-07 01:00:00,0.0,27.7,74
2020-06-07 02:00:00,0.0,27.5,90
2020-06-07 03:00:00,0.0,27.3,25
2020-06-07 04:00:00,0.0,27.4,18
2020-06-07 05:00:00,12.0,27.9,9
2020-06-07 06:00:00,119.0,29.4,55
2020-06-07 07:00:00,262.0,30.6,46
2020-06-07 08:00:00,405.0,31.4,54
2020-06-07 09:00:00,552.0,32.3,63
2020-06-07 10:00:00,660.0,33.2,37
2020-06-07 11:00:00,755.0,32.9,56
2020-06-07 12:00:00,607.0,32.1,79
2020-06-07 13:00:00,541.0,29.6,100
2020-06-07 14:00:00,315.0,29.9,100
2020-06-07 15:00:00,235.0,29.4,100
2020-06-07 16:00:00,136.0,28.8,100
2020-06-07 17:00:00,96.0,30.2,100
2020-06-07 18:00:00,21.0,29.5,94
2020-06-07 19:00:00,0.0,29.2,96
2020-06-07 20:00:00,0.0,29.0,96
2020-06-07 21:00:00,0.0,28.7,96
2020-06-07 22:00:00,0.0,28.5,94
2020-06-07 23:00:00,0.0,28.3,96
2020-06-08 00:00:00,0.0,28.0,97
2020-06-08 01:00:00,0.0,27.9,94
2020-06-08 02:00:00,0.0,27.7,95
2020-06-08 03:00:00,0.0,27.7,93
2020-06-08 04:00:00,0.0,27.7,78
2020-06-08 05:00:00,9.0,27.9,100
2020-06-08 06:00:00,108.0,28.7,68
2020-06-08 07:00:00,202.0,28.8,93
2020-06-08 08:00:00,326.0,29.8,87
2020-06-08 09:00:00,539.0,30.9,89
2020-06-08 10:00:00,682.0,31.8,87
2020-06-08 11:00:00,745.0,32.6,76
2020-06-08 12:00:00,765.0,32.7,60
2020-06-08 13:00:00,427.0,31.9,64
2020-06-08 14:00:00,407.0,29.9,100
2020-06-08 15:00:00,257.0,30.0,100
2020-06-08 16:00:00,199.0,30.5,99
2020-06-08 17:00:00,116.0,31.0,98
2020-06-08 18:00:00,22.0,29.9,72
2020-06-08 19:00:00,0.0,29.4,59
2020-06-08 20:00:00,0.0,28.9,70
2020-06-08 21:00:00,0.0,28.5,73
2020-06-08 22:00:00,0.0,28.1,57
2020-06-08 23:00:00,0.0,27.7,55
2020-06-09 00:00:00,0.0,27.4,51
2020-06-09 01:00:00,0.0,27.2,58
2020-06-09 02:00:00,0.0,27.0,50
2020-06-09 03:00:00,0.0,26.8,5
2020-06-09 04:00:00,0.0,26.6,8
2020-06-09 05:00:00,13.0,27.5,24
2020-06-09 06:00:00,119.0,28.6,27
2020-06-09 07:00:00,303.0,30.0,66
2020-06-09 08:00:00,421.0,31.0,67
2020-06-09 09:00:00,636.0,32.0,17
2020-06-09 10:00:00,736.0,32.8,13
2020-06-09 11:00:00,816.0,33.3,61
2020-06-09 12:00:00,700.0,33.4,65
2020-06-09 13:00:00,681.0,32.5,78
2020-06-09 14:00:00,452.0,32.3,76
2020-06-09 15:00:00,425.0,30.9,98
2020-06-09 16:00:00,200.0,30.7,95
2020-06-09 17:00:00,111.0,31.0,98
2020-06-09 18:00:00,23.0,29.8,94
2020-06-09 19:00:00,0.0,29.8,62
2020-06-09 20:00:00,0.0,29.5,50
2020-06-09 21:00:00,0.0,29.1,98
2020-06-09 22:00:00,0.0,28.7,100
2020-06-09 23:00:00,0.0,28.1,100
2020-06-10 00:00:00,0.0,27.9,100
2020-06-10 01:00:00,0.0,27.7,100
2020-06-10 02:00:00,0.0,27.5,100
2020-06-10 03:00:00,0.0,27.2,100
2020-06-10 04:00:00,0.0,26.9,99
2020-06-10 05:00:00,13.0,28.1,84
2020-06-10 06:00:00,113.0,29.0,97
2020-06-10 07:00:00,259.0,29.8,98
2020-06-10 08:00:00,390.0,30.6,98
2020-06-10 09:00:00,488.0,31.2,96
2020-06-10 10:00:00,560.0,31.8,96
2020-06-10 11:00:00,586.0,29.7,100
2020-06-10 12:00:00,420.0,30.4,100
2020-06-10 13:00:00,568.0,31.0,99
2020-06-10 14:00:00,492.0,30.6,99
2020-06-10 15:00:00,325.0,30.1,99
2020-06-10 16:00:00,203.0,29.7,100
2020-06-10 17:00:00,84.0,30.0,100
2020-06-10 18:00:00,15.0,29.5,99
2020-06-10 19:00:00,0.0,28.9,97
2020-06-10 20:00:00,0.0,28.4,98
2020-06-10 21:00:00,0.0,28.1,95
2020-06-10 22:00:00,0.0,27.9,94
2020-06-10 23:00:00,0.0,27.6,91
2020-06-11 00:00:00,0.0,27.5,99
2020-06-11 01:00:00,0.0,27.2,98
2020-06-11 02:00:00,0.0,26.5,99
2020-06-11 03:00:00,0.0,26.3,98
2020-06-11 04:00:00,0.0,26.4,100
2020-06-11 05:00:00,10.0,27.0,100
2020-06-11 06:00:00,96.0,27.7,97
2020-06-11 07:00:00,247.0,28.5,98
2020-06-11 08:00:00,371.0,29.4,99
2020-06-11 09:00:00,544.0,30.5,99
2020-06-11 10:00:00,489.0,29.3,98
2020-06-11 11:00:00,457.0,30.2,98
2020-06-11 12:00:00,535.0,29.7,98
2020-06-11 13:00:00,257.0,29.0,100
2020-06-11 14:00:00,257.0,29.2,100
2020-06-11 15:00:00,289.0,28.6,100
2020-06-11 16:00:00,142.0,28.4,100
2020-06-11 17:00:00,84.0,27.9,99
2020-06-11 18:00:00,9.0,27.5,100
2020-06-11 19:00:00,0.0,27.4,100
2020-06-11 20:00:00,0.0,27.3,100
2020-06-11 21:00:00,0.0,27.3,100
2020-06-11 22:00:00,0.0,26.5,100
2020-06-11 23:00:00,0.0,26.5,100
2020-06-12 00:00:00,0.0,26.5,100
2020-06-12 01:00:00,0.0,26.4,100
2020-06-12 02:00:00,0.0,26.3,99
2020-06-12 03:00:00,0.0,26.4,97
2020-06-12 04:00:00,0.0,26.2,99
2020-06-12 05:00:00,9.0,26.6,99
2020-06-12 06:00:00,70.0,27.4,98
2020-06-12 07:00:00,180.0,27.8,96
2020-06-12 08:00:00,407.0,29.0,96
2020-06-12 09:00:00,442.0,29.8,99
2020-06-12 10:00:00,468.0,29.6,100
2020-06-12 11:00:00,211.0,27.9,99
2020-06-12 12:00:00,263.0,28.8,100
2020-06-12 13:00:00,247.0,28.9,100
2020-06-12 14:00:00,231.0,28.5,100
2020-06-12 15:00:00,239.0,28.4,100
2020-06-12 16:00:00,142.0,28.7,100
2020-06-12 17:00:00,90.0,28.2,100
2020-06-12 18:00:00,12.0,27.9,100
2020-06-12 19:00:00,0.0,27.6,100
2020-06-12 20:00:00,0.0,27.3,100
2020-06-12 21:00:00,0.0,27.1,99
2020-06-12 22:00:00,0.0,27.1,97
2020-06-12 23:00:00,0.0,27.2,94
2020-06-13 00:00:00,0.0,27.1,94
2020-06-13 01:00:00,0.0,27.0,78
2020-06-13 02:00:00,0.0,26.9,85
2020-06-13 03:00:00,0.0,26.6,75
2020-06-13 04:00:00,0.0,26.5,100
2020-06-13 05:00:00,7.0,26.6,93
2020-06-13 06:00:00,66.0,27.0,98
2020-06-13 07:00:00,165.0,27.5,79
2020-06-13 08:00:00,353.0,28.9,87
2020-06-13 09:00:00,523.0,30.2,94
2020-06-13 10:00:00,601.0,29.5,96
2020-06-13 11:00:00,518.0,29.1,98
2020-06-13 12:00:00,495.0,30.2,99
2020-06-13 13:00:00,535.0,30.6,97
2020-06-13 14:00:00,466.0,31.1,100
2020-06-13 15:00:00,301.0,30.0,100
2020-06-13 16:00:00,135.0,29.5,99
2020-06-13 17:00:00,81.0,28.7,100
2020-06-13 18:00:00,11.0,28.4,100
2020-06-13 19:00:00,0.0,28.2,100
2020-06-13 20:00:00,0.0,27.9,100
2020-06-13 21:00:00,0.0,27.8,100
2020-06-13 22:00:00,0.0,27.6,98
2020-06-13 23:00:00,0.0,27.3,100
2020-06-14 00:00:00,0.0,27.1,98
2020-06-14 01:00:00,0.0,27.0,97
2020-06-14 02:00:00,0.0,26.8,96
2020-06-14 03:00:00,0.0,26.8,96
2020-06-14 04:00:00,0.0,26.3,95
2020-06-14 05:00:00,9.0,26.8,95
2020-06-14 06:00:00,76.0,26.7,100
2020-06-14 07:00:00,111.0,27.0,100
2020-06-14 08:00:00,198.0,28.2,100
2020-06-14 09:00:00,282.0,28.9,100
2020-06-14 10:00:00,294.0,29.5,100
2020-06-14 11:00:00,639.0,30.6,99
2020-06-14 12:00:00,545.0,30.5,100
2020-06-14 13:00:00,530.0,31.1,85
2020-06-14 14:00:00,568.0,31.3,76
2020-06-14 15:00:00,408.0,31.0,90
2020-06-14 16:00:00,214.0,30.2,76
2020-06-14 17:00:00,118.0,27.8,92
2020-06-14 18:00:00,8.0,27.5,100
2020-06-14 19:00:00,0.0,27.3,96
2020-06-14 20:00:00,0.0,27.4,100
2020-06-14 21:00:00,0.0,27.5,99
2020-06-14 22:00:00,0.0,26.8,100
2020-06-14 23:00:00,0.0,26.8,99
2020-06-15 00:00:00,0.0,26.7,95
2020-06-15 01:00:00,0.0,26.5,96
2020-06-15 02:00:00,0.0,26.3,100
2020-06-15 03:00:00,0.0,26.1,100
2020-06-15 04:00:00,0.0,26.0,99
2020-06-15 05:00:00,7.0,26.3,99
2020-06-15 06:00:00,62.0,27.0,96
2020-06-15 07:00:00,184.0,27.9,97
2020-06-15 08:00:00,319.0,28.5,95
2020-06-15 09:00:00,431.0,29.6,100
2020-06-15 10:00:00,615.0,30.6,82
2020-06-15 11:00:00,717.0,31.6,95
2020-06-15 12:00:00,417.0,30.7,100
2020-06-15 13:00:00,332.0,28.2,100
2020-06-15 14:00:00,243.0,29.4,99
2020-06-15 15:00:00,265.0,29.5,96
2020-06-15 16:00:00,240.0,29.9,90
2020-06-15 17:00:00,114.0,28.3,89
2020-06-15 18:00:00,9.0,27.7,100
2020-06-15 19:00:00,0.0,27.5,99
2020-06-15 20:00:00,0.0,27.3,99
2020-06-15 21:00:00,0.0,27.3,98
2020-06-15 22:00:00,0.0,27.2,96
2020-06-15 23:00:00,0.0,27.2,96
2020-06-16 00:00:00,0.0,26.5,99
2020-06-16 01:00:00,0.0,26.2,100
2020-06-16 02:00:00,0.0,26.1,100
2020-06-16 03:00:00,0.0,26.1,99
2020-06-16 04:00:00,0.0,26.1,100
2020-06-16 05:00:00,6.0,25.7,100
2020-06-16 06:00:00,33.0,26.0,100
2020-06-16 07:00:00,75.0,26.1,100
2020-06-16 08:00:00,170.0,27.1,100
2020-06-16 09:00:00,336.0,28.8,100
2020-06-16 10:00:00,495.0,29.8,98
2020-06-16 11:00:00,568.0,31.2,95
2020-06-16 12:00:00,347.0,29.6,100
2020-06-16 13:00:00,369.0,29.2,100
2020-06-16 14:00:00,467.0,30.0,99
2020-06-16 15:00:00,294.0,29.3,100
2020-06-16 16:00:00,123.0,28.6,100
2020-06-16 17:00:00,100.0,28.5,100
2020-06-16 18:00:00,18.0,28.0,98
2020-06-16 19:00:00,0.0,27.7,99
2020-06-16 20:00:00,0.0,27.7,97
2020-06-16 21:00:00,0.0,27.6,99
2020-06-16 22:00:00,0.0,27.5,99
2020-06-16 23:00:00,0.0,26.8,100
2020-06-17 00:00:00,0.0,25.9,99
2020-06-17 01:00:00,0.0,26.1,100
2020-06-17 02:00:00,0.0,26.4,100
2020-06-17 03:00:00,0.0,26.6,100
2020-06-17 04:00:00,0.0,26.5,100
2020-06-17 05:00:00,2.0,26.8,100
2020-06-17 06:00:00,39.0,26.9,100
2020-06-17 07:00:00,75.0,27.1,100
2020-06-17 08:00:00,88.0,27.4,100
2020-06-17 09:00:00,154.0,27.3,100
2020-06-17 10:00:00,127.0,27.3,100
2020-06-17 11:00:00,94.0,27.1,100
2020-06-17 12:00:00,197.0,27.7,100
2020-06-17 13:00:00,226.0,28.3,100
2020-06-17 14:00:00,251.0,28.9,100
2020-06-17 15:00:00,170.0,29.1,99
2020-06-17 16:00:00,140.0,28.3,100
2020-06-17 17:00:00,55.0,29.1,100
2020-06-17 18:00:00,19.0,28.5,100
2020-06-17 19:00:00,0.0,28.0,99
2020-06-17 20:00:00,0.0,27.9,98
2020-06-17 21:00:00,0.0,27.9,99
2020-06-17 22:00:00,0.0,28.1,100
2020-06-17 23:00:00,0.0,27.8,100
