datetime,ac_power,dc_power,ambient_temp,module_temp,irradiation,irradiation_wm2,sw radiation,temp 2m,cloud cover
2020-05-15 00:00:00,0.0,0.0,25.01269695,22.64308323333333,0.0,0.0,0.0,27.4,8
2020-05-15 01:00:00,0.0,0.0,24.66732843928571,22.41195959404762,0.0,0.0,0.0,27.5,7
2020-05-15 02:00:00,0.0,0.0,24.98683673333333,23.51207183333333,0.0,0.0,0.0,27.5,9
2020-05-15 03:00:00,0.0,0.0,24.954589040476183,24.126433492857142,0.0,0.0,0.0,27.4,6
2020-05-15 04:00:00,0.0,0.0,24.27666985,22.133106,0.0,0.0,0.0,27.4,7
2020-05-15 05:00:00,0.0,0.0,24.27498305,23.02011823452381,0.0002156803103333,0.21568031033329998,10.0,27.4,3
2020-05-15 06:00:00,1238.727678577,12745.4985121575,24.07395065,22.9739853,0.0432431855299999,43.2431855299999,110.0,28.5,8
2020-05-15 07:00:00,4262.353630924999,43481.326785,24.889582025,28.806721364285718,0.1475614228285713,147.5614228285713,285.0,29.7,15
2020-05-15 08:00:00,9110.83610115,92851.747618,26.160301766666667,36.58531696666666,0.3162804106666665,316.2804106666665,503.0,30.9,1
2020-05-15 09:00:00,12302.17366075,125579.29910725,27.64404185119048,42.92346050833333,0.4396227654285715,439.6227654285715,682.0,32.1,2
2020-05-15 10:00:00,14292.24223215,145992.3866065,28.90181376666667,48.36988061666666,0.5150172215,515.0172215,818.0,33.0,0
2020-05-15 11:00:00,16557.2865473,169286.6547595,30.18125093809524,48.84254719285714,0.5618510868928571,561.8510868928571,891.0,33.8,0
2020-05-15 12:00:00,18885.107737825,193173.7083375,31.83794448333333,50.50314281666666,0.6783298891666667,678.3298891666667,894.0,34.4,0
2020-05-15 13:00:00,15327.5660715,156531.74107175,32.58073820119048,47.70216902857143,0.5102064738571428,510.2064738571428,828.0,34.4,0
2020-05-15 14:00:00,19202.96598215,196467.3654795,33.917765453571434,51.74296217738095,0.6594180685952381,659.4180685952381,703.0,33.8,0
2020-05-15 15:00:00,13380.3696428,136588.25,34.19202876666667,45.24501753333333,0.4394019456666665,439.4019456666665,529.0,32.8,1
2020-05-15 16:00:00,9580.4733631,97617.625,34.18140343333333,41.25998796666666,0.3230948608333333,323.09486083333326,325.0,31.7,38
2020-05-15 17:00:00,3357.5050595375,34318.1279765,33.02189040952381,34.64146269404762,0.1165690755904761,116.5690755904761,106.0,30.7,17
2020-05-15 18:00:00,210.13214285875,2176.0544642775,29.18877659404762,28.0389443,0.0083839764531428,8.3839764531428,14.0,29.8,5
2020-05-15 19:00:00,0.0,0.0,26.3398656,24.710708200000003,5.6400666e-05,0.056400665999999995,0.0,29.3,10
2020-05-15 20:00:00,0.0,0.0,22.60343674404762,20.428886111904763,0.0,0.0,0.0,28.9,18
2020-05-15 21:00:00,0.0,0.0,22.186489316666663,20.73911748333333,0.0,0.0,0.0,28.5,4
2020-05-15 22:00:00,0.0,0.0,22.13324119047619,20.88250438214285,0.0,0.0,0.0,28.3,1
2020-05-15 23:00:00,0.0,0.0,22.23601830769231,21.241316538461536,0.0,0.0,0.0,28.1,1
2020-05-16 00:00:00,0.0,0.0,22.022117782905983,20.7616201534188,0.0,0.0,0.0,28.1,3
2020-05-16 01:00:00,0.0,0.0,21.808217258119655,20.281923768376068,0.0,0.0,0.0,28.0,4
2020-05-16 02:00:00,0.0,0.0,21.594316733333333,19.80222738333333,0.0,0.0,0.0,27.8,6
2020-05-16 03:00:00,0.0,0.0,21.707953366666665,20.25878603333333,0.0,0.0,0.0,27.6,6
2020-05-16 04:00:00,0.0,0.0,21.92854975595238,20.762247840476192,0.0,0.0,0.0,27.4,3
2020-05-16 05:00:00,0.0,0.0,21.9089015,20.61456405,3.679236605e-05,0.03679236605,10.0,27.6,1
2020-05-16 06:00:00,1187.89999997275,12243.7946423825,21.977285575,21.018062401190477,0.0396560769613094,39.656076961309395,119.0,28.6,2
2020-05-16 07:00:00,5082.67142855,51823.142857,22.867214584523808,25.23972486785714,0.166228437595238,166.228437595238,307.0,29.8,2
2020-05-16 08:00:00,11535.70089285,117655.1383935,24.810612966666664,34.82467651666667,0.3835834596666667,383.58345966666667,506.0,31.1,1
2020-05-16 09:00:00,13702.236607175,139872.272321,26.480266933333333,39.938825566666665,0.4604658103333333,460.4658103333333,683.0,32.5,1
2020-05-16 10:00:00,17335.01562495,177144.178573,28.15197038809524,47.41450148333333,0.552785017345238,552.785017345238,814.0,33.7,0
2020-05-16 11:00:00,17061.490624949998,174324.15625125,29.51412865,47.71051726666666,0.5584641586666665,558.4641586666665,885.0,34.6,0
2020-05-16 12:00:00,20465.747767475,209359.486607,30.643568545238097,50.86235429761904,0.6954473704761904,695.4473704761905,888.0,35.2,1
2020-05-16 13:00:00,18734.008036,191531.34821575,31.490084383333333,50.48822185,0.6139163518333333,613.9163518333332,825.0,35.3,3
2020-05-16 14:00:00,15922.526785675,162633.84375075,32.0017147202381,47.24071738690476,0.5202818691071428,520.2818691071428,697.0,34.9,3
2020-05-16 15:00:00,11875.821428625,121146.90625025,32.34811151666666,43.64881953333333,0.3836832741666666,383.6832741666666,524.0,34.1,26
2020-05-16 16:00:00,5959.491071425,60720.352679,31.945855309523807,36.14177540119047,0.1863190570595237,186.31905705952371,295.0,33.0,19
2020-05-16 17:00:00,2952.0566964275,30230.60714335,31.40916235,32.052246016666665,0.0932087213833333,93.2087213833333,125.0,31.6,40
2020-05-16 18:00:00,275.2883928625,2849.151785625,29.37973935,26.67844488333333,0.0088461485549766,8.8461485549766,12.0,30.6,31
2020-05-16 19:00:00,0.0,0.0,27.773843579761905,25.173710835714285,0.0,0.0,0.0,29.7,7
2020-05-16 20:00:00,0.0,0.0,26.60975254761905,24.006616385714285,0.0,0.0,0.0,29.1,6
2020-05-16 21:00:00,0.0,0.0,25.508788466666665,22.83895318333333,0.0,0.0,0.0,28.7,8
2020-05-16 22:00:00,0.0,0.0,24.74963269761905,22.099702804761904,0.0,0.0,0.0,28.5,3
2020-05-16 23:00:00,0.0,0.0,24.37039028333333,22.0790273,0.0,0.0,0.0,28.3,3
2020-05-17 00:00:00,0.0,0.0,24.0033637,21.570909944047617,0.0,0.0,0.0,28.1,2
2020-05-17 01:00:00,0.0,0.0,23.773983484375,21.613145309375,0.0,0.0,0.0,27.9,2
2020-05-17 02:00:00,0.0,0.0,23.40926451547619,21.333184027380955,0.0,0.0,0.0,27.8,4
2020-05-17 03:00:00,0.0,0.0,23.106247950000004,21.16272228333333,0.0,0.0,0.0,27.6,1
2020-05-17 04:00:00,0.0,0.0,22.825052916666667,20.96766458333333,0.0,0.0,0.0,27.4,0
2020-05-17 05:00:00,0.0,0.0,22.56940003452381,21.014346436904763,8.33637205e-05,0.0833637205,11.0,27.7,0
2020-05-17 06:00:00,777.219642865,8020.19196425,22.78054205,21.898464,0.0298049556383333,29.8049556383333,115.0,29.0,51
2020-05-17 07:00:00,5937.74821435,60543.3660715,23.785956519047616,27.036007041666664,0.2119541748523808,211.9541748523808,293.0,30.3,60
2020-05-17 08:00:00,12564.4558036,128218.37499975,25.97143091666667,39.30826661666667,0.4352599149999999,435.25991499999986,489.0,31.7,59
2020-05-17 09:00:00,17692.66473235,180816.81696525,28.375963504761906,47.53485876190476,0.6042784054880952,604.2784054880952,685.0,33.1,60
2020-05-17 10:00:00,22159.221429125,226837.57142975,30.33595685,51.79666196666666,0.7530183226666667,753.0183226666667,816.0,34.4,0
2020-05-17 11:00:00,25013.164582875,256402.053569,31.88541513452381,60.1113761095238,0.9144147961666668,914.4147961666667,887.0,35.2,0
2020-05-17 12:00:00,20181.87008905,206562.37946475,33.05976041666667,56.0419613,0.7314588040000001,731.4588040000001,890.0,35.8,34
2020-05-17 13:00:00,16702.277678325,170837.45982125,33.680019560714285,50.87901851904762,0.5605612115714285,560.5612115714284,822.0,36.1,65
2020-05-17 14:00:00,15158.1178571,154940.383927,34.24005043333334,48.93140163333333,0.5259670066666666,525.9670066666666,692.0,36.3,44
2020-05-17 15:00:00,15370.11026785,157003.941963,34.98917440952381,49.21295312023809,0.5185228104285714,518.5228104285713,524.0,35.7,51
2020-05-17 16:00:00,10250.1885417,104515.54315525,31.174709830952377,38.86334765595238,0.3352452847619047,335.24528476190466,259.0,34.0,13
2020-05-17 17:00:00,3198.65133921,32734.812500625,27.844508734523806,30.243215540476196,0.103567874745238,103.567874745238,123.0,31.5,4
2020-05-17 18:00:00,238.1571428575,2465.74107145,26.157002700000003,25.36307478333333,0.0087076140506449,8.707614050644901,16.0,30.3,19
2020-05-17 19:00:00,0.0,0.0,25.89215509285714,24.07597265119048,0.0,0.0,0.0,29.5,39
2020-05-17 20:00:00,0.0,0.0,25.4372325,24.01870325,0.0,0.0,0.0,28.7,46
2020-05-17 21:00:00,0.0,0.0,22.672175189285717,21.616323048809523,0.0,0.0,0.0,28.0,29
2020-05-17 22:00:00,0.0,0.0,21.28217118333333,20.5714665,0.0,0.0,0.0,27.6,20
2020-05-17 23:00:00,0.0,0.0,21.22990938809524,20.605397145238094,0.0,0.0,0.0,27.2,23
2020-05-18 00:00:00,0.0,0.0,21.119113166666665,20.534996016666668,0.0,0.0,0.0,26.8,1
2020-05-18 01:00:00,0.0,0.0,21.0178263,20.409069783333333,0.0,0.0,0.0,26.5,0
2020-05-18 02:00:00,0.0,0.0,21.079607952380957,20.26032808333333,0.0,0.0,0.0,26.2,0
2020-05-18 03:00:00,0.0,0.0,21.342248533333333,20.76537223333333,0.0,0.0,0.0,26.0,0
2020-05-18 04:00:00,0.0,0.0,21.161303357142856,20.12031880119048,0.0,0.0,0.0,25.7,68
2020-05-18 05:00:00,0.0,0.0,21.14692245,19.957759616666667,0.0001299914158333,0.1299914158333,11.0,26.4,98
2020-05-18 06:00:00,1253.02946431975,12914.10714305,21.505703271428573,21.206793042857143,0.042866835285238,42.866835285238,119.0,27.7,98
2020-05-18 07:00:00,5165.076785775,52668.316964000005,22.459750416666665,26.47023108333333,0.1671146309999999,167.1146309999999,300.0,29.2,95
2020-05-18 08:00:00,3438.975892875,35185.27232075,23.406023175,26.89941153333333,0.1038600853940475,103.86008539404749,479.0,30.6,74
2020-05-18 09:00:00,3503.555803525,35815.709821,23.757182816666663,27.298904366666665,0.1053797832166666,105.37978321666661,668.0,32.0,40
2020-05-18 10:00:00,6910.933928575,70465.79017825,24.01112490595238,28.96312941547619,0.2095848742666666,209.58487426666662,820.0,33.4,1
2020-05-18 11:00:00,13432.91875005,137114.0401795,25.126056416666664,38.40726119999999,0.4215008801666666,421.5008801666666,893.0,34.3,7
2020-05-18 12:00:00,17865.010267849997,182556.72321425,26.44752098333333,44.38732865,0.577475432,577.475432,897.0,34.8,6
2020-05-18 13:00:00,22601.800892875,231447.5044655,27.34382042023809,47.82486024404762,0.7671310242380952,767.1310242380952,835.0,35.1,4
2020-05-18 14:00:00,14792.533482025,151118.61606975,27.6732732,43.68171495,0.4899583429999999,489.9583429999999,707.0,35.0,44
2020-05-18 15:00:00,16316.691964325,166665.67857125,27.47513278809524,42.91224397857143,0.531226582,531.2265819999999,537.0,34.7,68
2020-05-18 16:00:00,9050.29107145,92227.2142855,27.3956609,36.44824796666666,0.2915399288333333,291.5399288333333,336.0,34.0,52
2020-05-18 17:00:00,3096.951339275,31702.4508924,26.212608055952384,28.593954072619045,0.097198975470238,97.198975470238,141.0,31.6,92
2020-05-18 18:00:00,314.65758928500003,3255.7098214,24.89978798333333,24.19980928333333,0.0116539050678499,11.6539050678499,16.0,30.2,100
2020-05-18 19:00:00,0.0,0.0,24.479608666666664,23.07689513333333,0.0,0.0,0.0,29.7,100
2020-05-18 20:00:00,0.0,0.0,24.11428349166667,22.052794784523805,0.0,0.0,0.0,29.2,100
2020-05-18 21:00:00,0.0,0.0,23.57697143333333,21.43699545,0.0,0.0,0.0,28.8,100
2020-05-18 22:00:00,0.0,0.0,22.91703935238095,20.783325619047616,0.0,0.0,0.0,28.3,100
2020-05-18 23:00:00,0.0,0.0,22.7539302,20.8525065,0.0,0.0,0.0,28.0,99
2020-05-19 00:00:00,0.0,0.0,22.569811802380947,20.528161026190475,0.0,0.0,0.0,27.7,100
2020-05-19 01:00:00,0.0,0.0,22.628986116666667,20.65906688333333,0.0,0.0,0.0,27.5,100
2020-05-19 02:00:00,0.0,0.0,22.84524666309524,20.79563029642857,0.0,0.0,0.0,27.1,100
2020-05-19 03:00:00,0.0,0.0,23.018200716666662,20.81359565,0.0,0.0,0.0,26.8,100
2020-05-19 04:00:00,0.0,0.0,23.190629279761904,20.87247735357143,0.0,0.0,0.0,26.8,100
2020-05-19 05:00:00,0.0,0.0,23.25859425,21.1526632,7.957945421665e-05,0.07957945421665,3.0,27.7,100
2020-05-19 06:00:00,530.88125000625,5473.937499955,23.41022438690476,22.44525894047619,0.0183532974816666,18.3532974816666,74.0,28.7,100
2020-05-19 07:00:00,5957.144196475,60717.258929,24.59851998333333,28.17446443333333,0.1958224254166666,195.82242541666662,118.0,29.4,99
2020-05-19 08:00:00,6887.954910725,70196.040179,25.44372534880952,32.419492394047616,0.2241517360880952,224.1517360880952,317.0,30.6,100
2020-05-19 09:00:00,14587.594642825,148969.14285675,26.864864566666668,42.09147131666666,0.4959170546666666,495.91705466666656,242.0,30.8,100
2020-05-19 10:00:00,15944.082589275,162951.29464325,27.75621028333333,43.61470402619047,0.5493137353452381,549.3137353452381,582.0,32.4,100
2020-05-19 11:00:00,15517.661706166667,158632.928573,28.25326722777778,45.47486493055556,0.5319547189999999,531.954719,262.0,31.7,100
2020-05-19 12:00:00,22905.2583333,234472.6666665,29.79805053333333,50.2430749,0.787080141,787.080141,260.0,31.3,100
2020-05-19 13:00:00,18939.955803625,193630.392862,29.900670966666667,48.4894446,0.6253125728333334,625.3125728333334,202.0,30.8,100
2020-05-19 14:00:00,20651.58035695,211182.11606875,30.17277315595238,49.776135800000006,0.6901497009404761,690.1497009404761,417.0,31.5,100
2020-05-19 15:00:00,13673.59910715,139575.25000025,29.950729866666663,42.92621055,0.4474687416666666,447.46874166666663,215.0,30.8,100
2020-05-19 16:00:00,10035.907142875,102334.9419635,29.67801833452381,39.509916108333336,0.3611488084523809,361.1488084523809,100.0,30.2,100
2020-05-19 17:00:00,2762.6129464225,28242.808035875,28.36381425,31.20082445,0.1105116368666666,110.51163686666659,46.0,27.0,100
2020-05-19 18:00:00,0.4343749999999999,4.5,23.316263140476188,22.243057317857144,0.0004799743462666,0.4799743462666,4.0,25.4,100
2020-05-19 19:00:00,0.0,0.0,22.499559583333333,20.559704566666667,0.0,0.0,0.0,25.6,100
2020-05-19 20:00:00,0.0,0.0,23.130025716666665,20.503182483333333,0.0,0.0,0.0,25.8,100
2020-05-19 21:00:00,0.0,0.0,23.94811077023809,21.387568289285717,0.0,0.0,0.0,25.7,100
2020-05-19 22:00:00,0.0,0.0,23.58156378333333,21.291150949999995,0.0,0.0,0.0,25.3,100
2020-05-19 23:00:00,0.0,0.0,22.89346925357143,20.42818446904762,0.0,0.0,0.0,25.0,100
2020-05-20 00:00:00,0.0,0.0,22.290050266666668,20.111283866666664,0.0,0.0,0.0,24.8,100
2020-05-20 01:00:00,0.0,0.0,22.161183444047616,19.88747781309524,0.0,0.0,0.0,24.9,100
2020-05-20 02:00:00,0.0,0.0,22.01137848333333,19.463808066666665,0.0,0.0,0.0,24.8,100
2020-05-20 03:00:00,0.0,0.0,22.012319247619047,19.45243618690476,0.0,0.0,0.0,24.7,100
2020-05-20 04:00:00,0.0,0.0,22.122256033333333,19.4709178,0.0,0.0,0.0,24.6,100
2020-05-20 05:00:00,0.0,0.0,21.846556798809523,18.907921072619047,3.684209000000001e-06,0.0036842090000000012,2.0,23.9,100
2020-05-20 06:00:00,1177.1825893015,12141.8928571275,21.80262003333333,19.76662095,0.0408867547566666,40.886754756666605,34.0,24.5,100
2020-05-20 07:00:00,6402.7839286,65241.0758935,23.197775357142856,25.18499513452381,0.2300397983809523,230.03979838095228,49.0,24.9,100
2020-05-20 08:00:00,13415.479464375,136932.58928625,25.34270525,36.64516196666667,0.4593356669999999,459.3356669999999,156.0,25.5,100
2020-05-20 09:00:00,18595.89732145,190053.18750025,27.10947146904762,44.00745019523809,0.6307187538452381,630.7187538452381,224.0,26.1,100
2020-05-20 10:00:00,23186.894196525,237273.35714,28.52478485,50.13947648333333,0.7963303183333332,796.3303183333333,191.0,26.8,100
2020-05-20 11:00:00,25946.05267875,266004.2232125,29.78217563333333,54.193612216666665,0.9001110031666666,900.1110031666666,306.0,27.7,100
2020-05-20 12:00:00,27325.8986605,280237.6294625,31.02302868690477,58.387927010714286,0.9690397647261904,969.0397647261904,218.0,28.2,100
2020-05-20 13:00:00,25460.979226,261007.75118,31.45943844242424,56.55488405757576,0.9001322504545453,900.1322504545452,158.0,27.5,100
2020-05-20 14:00:00,20010.861428425,205103.429456375,30.882159485984847,50.28281774318182,0.7061112686325757,706.1112686325757,48.0,26.8,100
2020-05-20 15:00:00,14560.74363085,149199.10773275,30.30488052954545,44.01075142878789,0.512090286810606,512.090286810606,52.0,26.5,100
2020-05-20 16:00:00,9110.625833275,93294.786009125,29.727601573106057,37.73868511439394,0.3180693049886363,318.0693049886363,12.0,26.0,100
2020-05-20 17:00:00,3660.5080357,37390.4642855,29.150322616666664,31.4666188,0.1240483231666666,124.0483231666666,5.0,25.1,100
2020-05-20 18:00:00,660.2093750015,6813.3794642525,27.77857989642857,26.925524027380952,0.0228295251312737,22.8295251312737,0.0,25.4,100
2020-05-20 19:00:00,0.0,0.0,26.233910533333333,23.54950665,0.0,0.0,0.0,25.3,100
2020-05-20 20:00:00,0.0,0.0,25.394888816666665,22.467924566666667,0.0,0.0,0.0,25.0,100
2020-05-20 21:00:00,0.0,0.0,24.73416100119048,21.87433841547619,0.0,0.0,0.0,25.1,100
2020-05-20 22:00:00,0.0,0.0,24.19025290595238,21.44324423333333,0.0,0.0,0.0,23.7,100
2020-05-20 23:00:00,832.7666666666667,8477.53888888889,24.116952987109187,22.43879961144781,0.0358217832323232,35.8217832323232,0.0,23.4,100
2020-05-21 00:00:00,1665.5333333333333,16955.07777777778,24.043653068265996,23.434354989562287,0.0716435664646464,71.6435664646464,0.0,23.4,100
2020-05-21 01:00:00,2498.3,25432.61666666667,23.9703531494228,24.42991036767677,0.1074653496969696,107.4653496969696,0.0,23.3,100
2020-05-21 02:00:00,3331.0666666666666,33910.15555555556,23.897053230579605,25.425465745791247,0.1432871329292929,143.2871329292929,0.0,23.4,100
2020-05-21 03:00:00,4163.833333333333,42387.69444444445,23.82375331173641,26.421021123905724,0.1791089161616161,179.1089161616161,0.0,23.5,100
2020-05-21 04:00:00,4996.6,50865.23333333334,23.750453392893217,27.4165765020202,0.2149306993939393,214.9306993939393,0.0,23.8,100
2020-05-21 05:00:00,5829.366666666667,59342.77222222223,23.677153474050023,28.41213188013468,0.2507524826262626,250.7524826262626,11.0,23.7,99
2020-05-21 06:00:00,6662.133333333333,67820.31111111112,23.60385355520683,29.40768725824916,0.2865742658585858,286.5742658585858,41.0,24.2,100
2020-05-21 07:00:00,7494.9,76297.85,23.530553636363635,30.40324263636364,0.3223960490909091,322.39604909090906,95.0,24.8,100
2020-05-21 08:00:00,12920.261517925,131879.82886875002,24.739467366666663,37.70216006666666,0.4432564266666666,443.2564266666666,170.0,25.4,100
2020-05-21 09:00:00,19776.097767825,202196.5133915,27.047764673809525,48.87091055357144,0.7028915417023809,702.8915417023809,289.0,26.5,100
2020-05-21 10:00:00,17933.296249625,183555.5806545,28.462233,50.964982083333325,0.6937580926666667,693.7580926666667,370.0,27.7,100
2020-05-21 11:00:00,25497.74330315,261345.745528,29.85705540714286,57.81069410833334,0.9209442712142858,920.9442712142858,306.0,27.9,100
2020-05-21 12:00:00,21382.785714625003,218951.116072,30.72383583333333,54.70842348333333,0.776878259,776.878259,344.0,28.3,100
2020-05-21 13:00:00,23835.03464285,244251.835417,31.539038739285715,55.88179280119048,0.8500099465595238,850.0099465595238,223.0,28.0,100
2020-05-21 14:00:00,18067.86830385,184863.9776805,31.86687515,50.3283804,0.6115290695,611.5290695,223.0,28.4,100
2020-05-21 15:00:00,15037.573958425,153595.61458225,32.12127010714286,47.7096035654762,0.5086676949523808,508.6676949523808,433.0,29.3,98
2020-05-21 16:00:00,7633.7669643,77729.41964175,30.945326766666668,37.849356533333335,0.2450269709,245.0269709,246.0,28.9,93
2020-05-21 17:00:00,1519.7816964325,15672.65178565,29.28367758333333,29.507903570238096,0.0472548500916666,47.2548500916666,113.0,26.6,96
2020-05-21 18:00:00,207.67723214,2150.290178575,27.549890116666667,26.0536448,0.0082264502778333,8.2264502778333,14.0,25.9,90
2020-05-21 19:00:00,0.0,0.0,26.273561976190475,24.026944217857142,0.0,0.0,0.0,25.4,92
2020-05-21 20:00:00,0.0,0.0,25.228687,22.96982275,0.0,0.0,0.0,24.9,94
2020-05-21 21:00:00,0.0,0.0,24.483799055952375,22.159342921428568,0.0,0.0,0.0,24.8,95
2020-05-21 22:00:00,0.0,0.0,24.138509666666668,21.587924216666664,0.0,0.0,0.0,24.8,95
2020-05-21 23:00:00,0.0,0.0,23.91243719404762,21.19549476309524,0.0,0.0,0.0,24.7,96
2020-05-22 00:00:00,0.0,0.0,23.62829435,21.21604153333333,0.0,0.0,0.0,24.5,97
2020-05-22 01:00:00,0.0,0.0,23.507252583333333,22.099617711904763,0.0,0.0,0.0,24.6,100
2020-05-22 02:00:00,0.0,0.0,23.42935159880952,22.314399926190475,0.0,0.0,0.0,24.7,100
2020-05-22 03:00:00,0.0,0.0,23.117065416666662,21.4549265,0.0,0.0,0.0,24.6,100
2020-05-22 04:00:00,0.0,0.0,22.972063497619047,21.38420957857143,0.0,0.0,0.0,24.5,100
2020-05-22 05:00:00,0.0,0.0,22.8479095,21.399191316666663,0.0002668267623333,0.2668267623333,4.0,24.2,100
2020-05-22 06:00:00,1534.4258928975,15809.584821225,23.095605360714284,22.636385639285717,0.0519438159054761,51.9438159054761,76.0,25.0,94
2020-05-22 07:00:00,7574.01517855,77194.209822,24.11722005,29.693450783333333,0.2728330159666666,272.8330159666666,189.0,26.1,100
2020-05-22 08:00:00,8745.7433035,89159.94970225,25.20296444761905,34.49204114404762,0.3017450119523809,301.7450119523809,368.0,27.7,74
2020-05-22 09:00:00,12165.643125025,124128.29732175,26.6157024,38.09819853333333,0.3933977091666666,393.39770916666663,637.0,29.5,97
2020-05-22 10:00:00,16376.926339225,167473.47321175,27.921672322619045,43.117950545238095,0.5765076142380952,576.5076142380951,626.0,31.4,69
2020-05-22 11:00:00,22024.643392375,225595.53601,29.524861666666663,51.96473235,0.8021581256666666,802.1581256666666,604.0,32.3,76
2020-05-22 12:00:00,23474.306250125,240477.205358,30.97700109523809,57.60786207380953,0.8808289983690476,880.8289983690476,697.0,32.9,29
2020-05-22 13:00:00,22485.00074445,230033.28423325,31.67726688333333,56.1729512,0.787116728,787.116728,727.0,33.1,4
2020-05-22 14:00:00,21292.280356625,217947.15625175,32.286646835714286,54.683532088095234,0.7392159658571429,739.2159658571429,697.0,32.7,1
2020-05-22 15:00:00,13405.663392925,136862.18749975,32.47474150833334,48.41206835119048,0.4652432358452381,465.2432358452381,537.0,32.1,1
2020-05-22 16:00:00,5463.324553625,55670.5714295,30.5371908,36.172486766666665,0.1776749914999999,177.67499149999992,339.0,31.1,1
2020-05-22 17:00:00,2206.550000045,22655.46875015,29.199906978571427,30.77111201904762,0.0724919405928571,72.4919405928571,145.0,29.9,2
2020-05-22 18:00:00,209.00446428825,2164.2008928725,28.147688216666666,27.059440116666664,0.0083566464857666,8.3566464857666,18.0,28.7,3
2020-05-22 19:00:00,0.0,0.0,27.256123366666664,25.642492216666664,0.0,0.0,0.0,28.2,6
2020-05-22 20:00:00,0.0,0.0,26.699791504761905,24.99967506428571,0.0,0.0,0.0,27.7,11
2020-05-22 21:00:00,0.0,0.0,26.03650515,25.042627433333337,0.0,0.0,0.0,27.2,12
2020-05-22 22:00:00,0.0,0.0,23.57489425357143,22.621067716666666,0.0,0.0,0.0,27.1,17
2020-05-22 23:00:00,0.0,0.0,21.79315135,20.4367803,0.0,0.0,0.0,26.9,31
2020-05-23 00:00:00,0.0,0.0,21.655995233333336,20.53416766904762,0.0,0.0,0.0,26.9,37
2020-05-23 01:00:00,0.0,0.0,21.533191416666668,20.373434383333333,0.0,0.0,0.0,27.0,43
2020-05-23 02:00:00,0.0,0.0,21.81350747619048,20.54169314047619,0.0,0.0,0.0,26.9,90
2020-05-23 03:00:00,0.0,0.0,21.943901016666665,20.74042658333333,0.0,0.0,0.0,27.0,51
2020-05-23 04:00:00,0.0,0.0,22.073265483333333,21.11820960952381,0.0,0.0,0.0,26.8,36
2020-05-23 05:00:00,0.0,0.0,21.92008673333333,21.012809266666665,0.0,0.0,10.0,27.5,29
2020-05-23 06:00:00,1419.49333332,14655.7000001,22.344629916666666,22.08666241666667,0.0454442841666666,45.4442841666666,106.0,28.6,37
2020-05-23 07:00:00,5404.625446525,55093.129464975005,22.96647359642857,26.694234520238098,0.1786167060428571,178.6167060428571,251.0,29.9,60
2020-05-23 08:00:00,14317.512500025,146172.9910715,25.19488993333333,39.68144375,0.4944355264999999,494.43552649999987,391.0,31.0,64
2020-05-23 09:00:00,18474.21607135,188845.16071225,27.368390041666668,46.074149996428574,0.6512008897500001,651.2008897500001,533.0,31.7,58
2020-05-23 10:00:00,19569.261160825,200174.94642825,28.205914766666663,48.53599695,0.6851064511666667,685.1064511666667,679.0,32.4,72
2020-05-23 11:00:00,26037.875892625,266946.08481425,29.71130791547619,57.35751971428572,0.9394699098928572,939.4699098928571,782.0,33.1,76
2020-05-23 12:00:00,25121.8383922,257417.16518275,31.02895253333333,61.49207671666666,0.9243867435,924.3867435000001,761.0,33.1,95
2020-05-23 13:00:00,25208.1526785,258336.611615,32.14111893333333,58.82610426666668,0.9026499993333332,902.6499993333332,582.0,32.4,89
2020-05-23 14:00:00,17793.86473235,181874.62946125,32.77395768095238,53.2906561797619,0.6069630438690476,606.9630438690476,611.0,32.4,22
2020-05-23 15:00:00,16103.974107125,164504.035714,32.92367098333334,47.9977376,0.5139724243333333,513.9724243333334,516.0,32.1,19
2020-05-23 16:00:00,11821.058482225,120579.47321425,32.53408778452381,45.21551344523809,0.4057750891666666,405.7750891666666,326.0,31.1,23
2020-05-23 17:00:00,5242.64999995,53440.52678475,30.469380116666667,34.91620233333333,0.1779255627333333,177.9255627333333,139.0,30.1,14
2020-05-23 18:00:00,1021.16919644725,10505.616071415,28.780811283333332,29.0618039202381,0.0347994794821023,34.7994794821023,19.0,29.2,4
2020-05-23 19:00:00,0.0,0.0,27.485154666666663,25.809593166666662,0.0,0.0,0.0,28.4,6
2020-05-23 20:00:00,0.0,0.0,26.647221166666668,24.925855791666667,0.0,0.0,0.0,28.0,17
2020-05-23 21:00:00,0.0,0.0,26.12653675555556,23.9688158,0.0,0.0,0.0,27.8,23
2020-05-23 22:00:00,0.0,0.0,25.5640054,23.31633143333333,0.0,0.0,0.0,27.8,36
2020-05-23 23:00:00,0.0,0.0,24.94009587380953,22.538089322619047,0.0,0.0,0.0,27.9,38
2020-05-24 00:00:00,0.0,0.0,24.45264805833333,21.83904987619048,0.0,0.0,0.0,27.9,37
2020-05-24 01:00:00,0.0,0.0,24.30246935,22.17072536071429,0.0,0.0,0.0,27.9,37
2020-05-24 02:00:00,0.0,0.0,24.41916505,22.345417716666667,0.0,0.0,0.0,27.6,33
2020-05-24 03:00:00,0.0,0.0,23.98014059047619,21.35209923214286,0.0,0.0,0.0,27.6,35
2020-05-24 04:00:00,0.0,0.0,23.8138509,21.240207416666667,0.0,0.0,0.0,27.6,30
2020-05-24 05:00:00,0.0,0.0,23.419822979761907,20.33128835833333,0.0001549800506666,0.1549800506666,11.0,28.0,49
2020-05-24 06:00:00,1304.501785728,13442.8973214525,23.54794005,21.6826737,0.0443313685683333,44.3313685683333,104.0,28.9,40
2020-05-24 07:00:00,6160.5107142,62765.47321425,25.14631604404762,29.491129690476185,0.2370869135833333,237.0869135833333,258.0,30.0,54
2020-05-24 08:00:00,11964.18437495,122069.767857,26.496342466666665,37.10426285,0.4083468753333333,408.3468753333333,399.0,30.9,64
2020-05-24 09:00:00,15553.22142865,158875.5,27.571660245238093,42.08941777857143,0.5164013111666667,516.4013111666667,547.0,31.6,66
2020-05-24 10:00:00,19757.70089295,202236.102677,28.8105489,46.63701471666667,0.6915071745,691.5071745,666.0,32.2,69
2020-05-24 11:00:00,24207.755803725,248070.4999985,30.448671817857143,56.750689767857146,0.8648312350833333,864.8312350833332,766.0,32.7,73
2020-05-24 12:00:00,25845.58482125,264963.24108,31.738319266666664,60.107316333333344,0.958445879,958.445879,835.0,32.8,1
2020-05-24 13:00:00,24292.331249825,248994.7187485,32.94483433928571,60.45155063928571,0.8748722549404762,874.8722549404762,825.0,33.0,31
2020-05-24 14:00:00,20013.441517975,204776.3392795,33.60884705,56.511063083333326,0.7526318096666667,752.6318096666666,700.0,32.4,10
2020-05-24 15:00:00,11661.825,119056.46428575,33.40508370119048,48.11556207738094,0.4036103930833333,403.6103930833333,538.0,31.7,51
2020-05-24 16:00:00,8487.37455355,86548.04910775,32.883561150000006,40.08480376666667,0.2807443914999999,280.7443914999999,339.0,30.7,3
2020-05-24 17:00:00,5102.262499949999,52047.343749675,32.16733534166667,36.56946771190476,0.1800426250107142,180.0426250107142,146.0,29.8,0
2020-05-24 18:00:00,603.7580357100001,6242.07589285,29.9501348,28.740227266666665,0.0212878470783333,21.2878470783333,19.0,29.1,1
2020-05-24 19:00:00,0.0,0.0,28.246910939285712,26.278824442857143,0.0,0.0,0.0,28.6,8
2020-05-24 20:00:00,0.0,0.0,27.08461708333333,25.64338745,0.0,0.0,0.0,28.3,16
2020-05-24 21:00:00,0.0,0.0,25.790709704761905,23.78835332857143,0.0,0.0,0.0,28.2,32
2020-05-24 22:00:00,0.0,0.0,24.66484481666667,23.21441288333333,0.0,0.0,0.0,28.3,47
2020-05-24 23:00:00,0.0,0.0,24.108015670238093,22.946120139285718,0.0,0.0,0.0,28.2,78
2020-05-25 00:00:00,0.0,0.0,23.67953598333333,22.61647295,0.0,0.0,0.0,28.1,92
2020-05-25 01:00:00,0.0,0.0,23.793860658333337,22.63073419523809,0.0,0.0,0.0,28.1,81
2020-05-25 02:00:00,0.0,0.0,23.673393216666664,22.51474503333333,0.0,0.0,0.0,28.1,86
2020-05-25 03:00:00,0.0,0.0,23.54819785238095,22.266695639285714,0.0,0.0,0.0,28.1,98
2020-05-25 04:00:00,0.0,0.0,23.433653266666667,22.146270266666665,0.0,0.0,0.0,28.3,92
2020-05-25 05:00:00,0.0,0.0,23.202136799999995,21.25744831111111,0.0,0.0,10.0,28.6,85
2020-05-25 06:00:00,1232.5553571225,12699.15178545,23.18727401043956,21.829703397985348,0.0453106667570512,45.3106667570512,78.0,29.3,87
2020-05-25 07:00:00,5681.523660675,57915.049107,24.136750783333333,26.885045816666665,0.2091141298333332,209.11412983333318,231.0,30.1,96
2020-05-25 08:00:00,12655.096875025,129168.553572,25.43542060952381,37.58152262738095,0.4371036139642857,437.1036139642857,342.0,30.8,98
2020-05-25 09:00:00,19789.4129465,202310.96874775,27.852421016666668,48.59190018333334,0.6916181106666667,691.6181106666667,482.0,31.6,93
2020-05-25 10:00:00,23527.5549109,240899.696445,29.32791857142857,54.91318447857143,0.847770457404762,847.7704574047619,647.0,32.2,91
2020-05-25 11:00:00,26121.4129465,267855.2187375,30.99183553333333,59.55268804999999,0.937201793,937.201793,736.0,32.8,100
2020-05-25 12:00:00,26869.81517925,275571.2321375,32.07275245833333,59.16123945,0.9656088658214286,965.6088658214286,619.0,32.7,31
2020-05-25 13:00:00,25356.0965775,259910.805055,33.239346947619055,60.15347582142858,0.9008903854404762,900.8903854404762,719.0,32.3,55
2020-05-25 14:00:00,22260.9071423,227790.63392475,33.67912736190476,57.40919477380952,0.7910178290357142,791.0178290357142,664.0,32.0,72
2020-05-25 15:00:00,19038.2294644,194605.223216,34.38076933333333,53.31247406666666,0.6416658786666667,641.6658786666667,491.0,31.4,45
2020-05-25 16:00:00,8237.63303565,84115.2187505,33.8930327202381,42.99851833690476,0.2697621424880952,269.7621424880952,239.0,30.5,30
2020-05-25 17:00:00,1756.8915178525,18102.263393325,32.05434566666667,32.11992231666667,0.0575928573833333,57.5928573833333,120.0,29.7,11
2020-05-25 18:00:00,366.91071429125,3797.26339298,28.304531366666662,26.886455283333333,0.0132077758237666,13.2077758237666,19.0,29.2,13
2020-05-25 19:00:00,0.0,0.0,26.57933547142857,24.09390822261905,0.0,0.0,0.0,28.8,17
2020-05-25 20:00:00,0.0,0.0,26.23258713333333,23.692628983333336,0.0,0.0,0.0,28.6,34
2020-05-25 21:00:00,0.0,0.0,25.446367851190477,24.726612794047615,0.0,0.0,0.0,28.6,23
2020-05-25 22:00:00,0.0,0.0,22.493630466666666,21.51248118333333,0.0,0.0,0.0,28.5,49
2020-05-25 23:00:00,0.0,0.0,22.473452433333332,20.000045323809523,0.0,0.0,0.0,28.5,51
2020-05-26 00:00:00,0.0,0.0,22.25628103333333,19.90234938333333,0.0,0.0,0.0,28.4,46
2020-05-26 01:00:00,0.0,0.0,22.22241465,19.679908892857146,0.0,0.0,0.0,28.2,46
2020-05-26 02:00:00,0.0,0.0,21.800504066666665,19.28382668333333,0.0,0.0,0.0,28.2,31
2020-05-26 03:00:00,0.0,0.0,21.364649516666667,19.117106083333333,0.0,0.0,0.0,28.2,39
2020-05-26 04:00:00,0.0,0.0,21.312706444047617,19.006534258333332,0.0,0.0,0.0,28.2,52
2020-05-26 05:00:00,0.0,0.0,22.070155316666664,19.539565016666664,0.00020635903135,0.20635903135,10.0,28.1,69
2020-05-26 06:00:00,1324.3334821815,13645.008928525,22.783858596428573,21.118755901190475,0.0437032939678571,43.7032939678571,96.0,28.9,79
2020-05-26 07:00:00,6427.474107125,65477.084821,24.2054341,27.84069116666667,0.2439782858333333,243.9782858333333,212.0,29.8,100
2020-05-26 08:00:00,13564.181250025,138459.0982145,26.271270117857146,39.95716410952381,0.4789968870119048,478.9968870119048,213.0,30.2,100
2020-05-26 09:00:00,19556.60892865,199921.44196475,27.801093966666667,49.62990628333333,0.6919608188333333,691.9608188333333,279.0,30.6,100
2020-05-26 10:00:00,23340.60580445,239061.10714725,29.53407568690476,56.54191942857143,0.8427738709166666,842.7738709166665,369.0,31.2,98
2020-05-26 11:00:00,21834.221874725,223633.370532,30.40919703333333,55.491460716666666,0.778270831,778.270831,375.0,31.4,100
2020-05-26 12:00:00,23205.121427525,237794.357139,31.46684990119047,56.57650733333333,0.8239350104880954,823.9350104880954,520.0,31.5,96
2020-05-26 13:00:00,21401.853571375003,219226.4151815,32.67045833333333,57.48449853333333,0.7622425405,762.2425404999999,361.0,31.1,97
2020-05-26 14:00:00,12641.716071325,129100.59821475,32.70317200595238,49.08159946309524,0.4275105675,427.5105675,545.0,31.0,3
2020-05-26 15:00:00,13133.687946475,134056.13392875,32.6998913,44.82740781666666,0.427828956,427.828956,528.0,30.9,89
2020-05-26 16:00:00,12265.25178565,125153.61160775,33.224596244047625,44.473493015476194,0.4101572826071428,410.1572826071428,197.0,30.0,7
2020-05-26 17:00:00,3434.757142845,35152.491071175,31.72510988333333,35.14305228333333,0.1150590935999999,115.0590935999999,138.0,29.7,46
2020-05-26 18:00:00,241.129017855,2495.51339285,28.967409116666666,27.80243660357143,0.0160233978167856,16.0233978167856,19.0,29.1,4
2020-05-26 19:00:00,0.0,0.0,27.47797595,25.4549042,0.0,0.0,0.0,28.8,20
2020-05-26 20:00:00,0.0,0.0,26.13484347261905,23.28577411190476,0.0,0.0,0.0,28.7,51
2020-05-26 21:00:00,0.0,0.0,26.575712683333336,25.1851711,0.0,0.0,0.0,28.6,25
2020-05-26 22:00:00,0.0,0.0,25.930998569047617,23.940487891666667,0.0,0.0,0.0,28.5,16
2020-05-26 23:00:00,0.0,0.0,24.0982615,22.991171283333333,0.0,0.0,0.0,28.4,13
2020-05-27 00:00:00,0.0,0.0,23.3974126,21.77005198333333,0.0,0.0,0.0,28.3,33
2020-05-27 01:00:00,0.0,0.0,23.560330661904764,22.10600355833333,0.0,0.0,0.0,28.3,44
2020-05-27 02:00:00,0.0,0.0,23.543554166666667,21.594501816666664,0.0,0.0,0.0,28.2,67
2020-05-27 03:00:00,0.0,0.0,24.049561879761903,21.850401072619047,0.0,0.0,0.0,28.3,46
2020-05-27 04:00:00,0.0,0.0,23.56782323333333,21.50969335,0.0,0.0,0.0,28.2,57
2020-05-27 05:00:00,0.0,0.0,23.443279973809524,21.55644231428571,0.0002101342995833,0.21013429958330002,10.0,28.2,39
2020-05-27 06:00:00,1531.3783036125,15736.5053569,23.43435313333333,22.373884033333333,0.0528227298966666,52.8227298966666,55.0,28.7,100
2020-05-27 07:00:00,6052.281220275,61663.9851185,25.02574100238095,28.334441775,0.2180529917928571,218.05299179285709,78.0,28.9,100
2020-05-27 08:00:00,12545.611458375,128013.546131,26.89609325,39.139409416666666,0.4510691605,451.0691605,201.0,29.7,50
2020-05-27 09:00:00,17945.839821524998,183446.8860115,28.43463116071429,48.02500499880953,0.6405595882261905,640.5595882261905,421.0,30.6,79
2020-05-27 10:00:00,16245.633928475,166038.12559525,29.26446335357143,47.43523615039682,0.5742018994642857,574.2018994642857,496.0,30.9,96
2020-05-27 11:00:00,21970.96324455,225038.9940485,30.83439678333333,55.76013176666666,0.7790673806666666,779.0673806666666,579.0,31.7,97
2020-05-27 12:00:00,18676.310714025,191100.004465,32.10466298452381,56.908168005952376,0.7092874103809523,709.2874103809523,670.0,32.0,84
2020-05-27 13:00:00,12322.686309525,125779.4389875,32.43146921666666,46.49787123333333,0.4178840558333332,417.8840558333332,664.0,32.2,54
2020-05-27 14:00:00,12308.6465774,125656.81398875,32.59225887619048,45.443716183333336,0.4015431301071428,401.5431301071428,604.0,31.9,83
2020-05-27 15:00:00,12875.821874925,131440.67857,32.44795675,45.466436816666665,0.4216070968333333,421.6070968333333,410.0,31.0,15
2020-05-27 16:00:00,10559.175000025,107729.0133935,31.952802416666664,42.38717346666667,0.3573314593333333,357.3314593333333,301.0,30.5,100
2020-05-27 17:00:00,3200.1374999225,32744.7723217,30.329792817857143,32.77524199761904,0.1025679821928571,102.56798219285709,39.0,29.2,100
2020-05-27 18:00:00,192.477976195,1993.01190475,28.609951233333334,27.283312483333333,0.0081641546787166,8.1641546787166,16.0,28.6,99
2020-05-27 19:00:00,0.0,0.0,25.774399152380948,24.552107155952378,2.2388488500000003e-05,0.0223884885,0.0,27.5,100
2020-05-27 20:00:00,0.0,0.0,22.932962016666664,21.31111145,0.0,0.0,0.0,26.9,100
2020-05-27 21:00:00,0.0,0.0,23.142256983333333,20.944196340476196,0.0,0.0,0.0,26.4,96
2020-05-27 22:00:00,0.0,0.0,22.9103566,20.81064908333333,0.0,0.0,0.0,25.9,75
2020-05-27 23:00:00,0.0,0.0,23.37074884047619,22.25171458690476,0.0,0.0,0.0,26.6,18
2020-05-28 00:00:00,0.0,0.0,23.19194895,21.79885555,0.0,0.0,0.0,26.7,1
2020-05-28 01:00:00,0.0,0.0,22.68630551309524,20.50579456309524,0.0,0.0,0.0,26.8,3
2020-05-28 02:00:00,0.0,0.0,22.488680483333333,20.582993516666665,0.0,0.0,0.0,27.0,16
2020-05-28 03:00:00,0.0,0.0,22.53689301071428,20.82455493571429,0.0,0.0,0.0,27.3,26
2020-05-28 04:00:00,0.0,0.0,22.55685975,20.30698295,0.0,0.0,0.0,27.4,42
2020-05-28 05:00:00,0.0,0.0,21.908114364285712,19.698901740476188,9.601054955355e-05,0.09601054955355,11.0,26.9,57
2020-05-28 06:00:00,1434.31250002,14769.763392675,21.92193748333333,20.221685366666662,0.0466606740616666,46.660674061666604,28.0,26.9,97
2020-05-28 07:00:00,6635.57410715,67588.19196475,23.865807154761903,29.029136160714287,0.2569155761904761,256.9155761904761,190.0,28.5,100
2020-05-28 08:00:00,13567.5625,138493.165179,26.17351325,40.094587583333336,0.4783072014999999,478.3072014999999,189.0,29.0,100
2020-05-28 09:00:00,19467.4785714,199006.62797725,28.09045187738095,47.17867031428572,0.6823496627857143,682.3496627857143,255.0,30.1,98
2020-05-28 10:00:00,21559.12901775,220704.30356975,29.4413844,52.86690923333333,0.7955459541666666,795.5459541666667,117.0,30.3,78
2020-05-28 11:00:00,26246.42232055,269129.62500125,30.84940593333333,57.15824271666666,0.9349086853333332,934.9086853333332,646.0,32.1,98
2020-05-28 12:00:00,25799.924821875,264488.81041275,32.12130267976191,59.07273769702381,0.9252549583571428,925.2549583571428,430.0,31.4,98
2020-05-28 13:00:00,21679.9477675,222093.93303825,32.98781219761905,55.49942768452381,0.7852678075595237,785.2678075595237,529.0,31.6,43
2020-05-28 14:00:00,16358.20949415,167251.4196435,33.08978283534798,49.67862443415751,0.5528901629587911,552.8901629587912,502.0,31.5,84
2020-05-28 15:00:00,17641.11622025,180285.114582,33.341209398809525,49.676019859523805,0.6084723951785714,608.4723951785714,311.0,30.6,75
2020-05-28 16:00:00,8319.532589275,84814.973214,32.781076955952386,40.46794176904762,0.2835528989761905,283.55289897619053,217.0,29.8,91
2020-05-28 17:00:00,4142.4606547675,42292.388393175,32.15466739285714,35.455530852380946,0.1415586949714285,141.5586949714285,71.0,27.4,86
2020-05-28 18:00:00,428.19336309525,4430.475892862501,29.92789463333333,29.45733794404762,0.016315329101269,16.315329101269,16.0,27.0,33
2020-05-28 19:00:00,0.0,0.0,27.704796766666664,26.4528289,0.0,0.0,0.0,27.0,55
2020-05-28 20:00:00,0.0,0.0,26.810803644047617,25.272813367857143,0.0,0.0,0.0,27.0,28
2020-05-28 21:00:00,0.0,0.0,23.45720641062271,22.29331460989011,0.0,0.0,0.0,26.7,17
2020-05-28 22:00:00,0.0,0.0,20.9725779,19.999423166666663,0.0,0.0,0.0,26.6,19
2020-05-28 23:00:00,268.894479165,2761.6999008625003,20.97712003333333,20.127749235416665,0.0086293140550595,8.629314055059499,0.0,26.4,56
2020-05-29 00:00:00,537.78895833,5523.3998017250005,20.981662166666663,20.256075304166664,0.017258628110119,17.258628110118998,0.0,26.5,100
2020-05-29 01:00:00,806.683437495,8285.0997025875,20.9862043,20.384401372916667,0.0258879421651785,25.8879421651785,0.0,26.5,30
2020-05-29 02:00:00,1075.57791666,11046.79960345,20.990746433333328,20.512727441666662,0.034517256220238,34.517256220237996,0.0,26.2,59
2020-05-29 03:00:00,1344.472395825,13808.499504312502,20.995288566666662,20.641053510416665,0.0431465702752975,43.1465702752975,0.0,26.1,99
2020-05-29 04:00:00,1613.36687499,16570.199405175,20.9998307,20.769379579166667,0.0517758843303571,51.775884330357094,0.0,26.0,93
2020-05-29 05:00:00,1882.261354155,19331.899306037503,21.004372833333328,20.897705647916663,0.0604051983854166,60.405198385416604,10.0,25.8,100
2020-05-29 06:00:00,2151.15583332,22093.5992069,21.008914966666666,21.026031716666665,0.0690345124404761,69.0345124404761,69.0,26.8,100
2020-05-29 07:00:00,4785.124553525,48803.526786,21.93127293333333,26.33282368333333,0.1514269099999999,151.42690999999988,161.0,27.6,100
2020-05-29 08:00:00,9812.829464375,100009.5089285,23.39789618214286,33.85840351071428,0.3214551848095237,321.4551848095237,202.0,28.3,98
2020-05-29 09:00:00,16628.970089325,169914.4598215,25.397425883333334,45.4178661,0.5679020458333334,567.9020458333333,180.0,28.5,93
2020-05-29 10:00:00,23695.1483639,242739.06696975,27.64853515,55.300663633333336,0.8429225341666666,842.9225341666667,309.0,29.2,57
2020-05-29 11:00:00,23900.585268125,244910.41518225,29.19579075238095,56.95102501547619,0.8802125378333333,880.2125378333333,618.0,30.4,50
2020-05-29 12:00:00,24912.453125,255278.9017925,30.17642975,60.04765275,0.8647957854999999,864.7957855,654.0,30.6,49
2020-05-29 13:00:00,23608.236607175,241837.0267745,31.295939158333333,60.91278727738096,0.845985537952381,845.9855379523809,535.0,30.5,82
2020-05-29 14:00:00,17724.811160775,181146.70535875,31.693425566666665,52.09330603333333,0.6152179005,615.2179005,406.0,29.2,63
2020-05-29 15:00:00,15882.94375005,162219.34821475,32.364440694047616,50.30777927619047,0.5346083614404763,534.6083614404763,299.0,27.7,62
2020-05-29 16:00:00,11271.644196375,114942.41517875,31.69114228333333,44.245344,0.3751776478333333,375.1776478333333,260.0,28.2,11
2020-05-29 17:00:00,4135.4892856675,42245.63839255,29.33880534404762,33.465077347619044,0.1357397019416666,135.7397019416666,134.0,29.9,20
2020-05-29 18:00:00,306.054166665,3165.34077385,27.61383406666667,26.880474816666663,0.0116952782114999,11.6952782114999,20.0,28.7,23
2020-05-29 19:00:00,0.0,0.0,26.08499455,23.9461111,0.0,0.0,0.0,28.1,10
2020-05-29 20:00:00,0.0,0.0,25.5755309,24.111533569047616,0.0,0.0,0.0,27.7,5
2020-05-29 21:00:00,0.0,0.0,25.52290545,24.20298665,0.0,0.0,0.0,27.3,2
2020-05-29 22:00:00,0.0,0.0,23.568339184523808,22.43654901428572,0.0,0.0,0.0,27.0,4
2020-05-29 23:00:00,0.0,0.0,21.53329725,20.767105583333333,0.0,0.0,0.0,26.8,23
2020-05-30 00:00:00,0.0,0.0,21.439897183333333,20.64846945,0.0,0.0,0.0,26.7,68
2020-05-30 01:00:00,0.0,0.0,21.29601630833333,20.39627513809524,0.0,0.0,0.0,26.8,23
2020-05-30 02:00:00,0.0,0.0,21.320394366666665,20.566225116666665,0.0,0.0,0.0,27.0,23
2020-05-30 03:00:00,0.0,0.0,21.389394447619047,20.53873051904762,0.0,0.0,0.0,27.0,19
2020-05-30 04:00:00,0.0,0.0,21.39213915,20.47306675,0.0,0.0,0.0,26.9,24
2020-05-30 05:00:00,0.0,0.0,21.251900301190474,20.09265811547619,0.0002635582866964,0.2635582866964,12.0,26.9,28
2020-05-30 06:00:00,1222.040624985,12593.723214425,21.31949308333333,20.67088216666667,0.0412166412566666,41.216641256666605,114.0,28.2,17
2020-05-30 07:00:00,4445.184821425,45354.21875,22.297559616666664,25.08983148333333,0.1420005990166666,142.0005990166666,262.0,29.6,55
2020-05-30 08:00:00,7798.385714275,79375.91964400001,23.444931727380958,32.405807847619045,0.2594129909761904,259.41299097619043,413.0,30.7,80
2020-05-30 09:00:00,10843.975000025,110561.9464285,24.622521916666663,35.2279668,0.3436268764999999,343.6268764999999,488.0,31.6,86
2020-05-30 10:00:00,10595.431696375,108028.69642925,24.88764245,31.512654929761904,0.3168655618809524,316.8655618809524,619.0,32.2,34
2020-05-30 11:00:00,17975.58125015,183769.2008925,25.75579073333333,42.120661383333335,0.5818618121666665,581.8618121666666,742.0,32.6,33
2020-05-30 12:00:00,24941.030802775,255547.584824,27.99384397261905,60.94857968571428,0.9612937132380952,961.2937132380952,670.0,31.5,47
2020-05-30 13:00:00,22955.246875125,235061.999995,29.08103338333333,54.5196696,0.8225208319999999,822.5208319999999,475.0,30.2,65
2020-05-30 14:00:00,23375.386606975,239307.517857,30.09582772023809,53.46025473928572,0.8136779358571429,813.6779358571429,494.0,29.1,39
2020-05-30 15:00:00,18361.28705355,187645.883929,30.72365573333333,48.354659516666665,0.6186222878333333,618.6222878333333,442.0,30.2,91
2020-05-30 16:00:00,11219.797767875,114430.129465,30.917674051190478,41.17952406309524,0.3810252301547618,381.0252301547618,221.0,30.0,100
2020-05-30 17:00:00,4755.8383928675,48512.062501,30.121506716666666,33.593877133333336,0.1686917277333333,168.6917277333333,26.0,29.7,100
2020-05-30 18:00:00,521.6120535705,5389.3392857075,28.32141115,26.549042733333337,0.0176837752199999,17.683775219999898,18.0,28.7,100
2020-05-30 19:00:00,0.0,0.0,26.63507949404762,23.76934195119048,0.0,0.0,0.0,28.0,89
2020-05-30 20:00:00,0.0,0.0,25.23827765,23.3354121,0.0,0.0,0.0,27.6,43
2020-05-30 21:00:00,0.0,0.0,23.70420788690476,21.58626489047619,0.0,0.0,0.0,27.3,72
2020-05-30 22:00:00,0.0,0.0,23.27743681666667,21.23468588333333,0.0,0.0,0.0,27.0,15
2020-05-30 23:00:00,0.0,0.0,23.261721625,21.30975289761905,0.0,0.0,0.0,26.7,8
2020-05-31 00:00:00,0.0,0.0,23.431380716666663,21.772142483333333,0.0,0.0,0.0,26.7,7
2020-05-31 01:00:00,0.0,0.0,23.643260585714287,22.202290557142856,0.0,0.0,0.0,26.7,9
2020-05-31 02:00:00,0.0,0.0,23.25644888333333,21.4475063,0.0,0.0,0.0,26.7,16
2020-05-31 03:00:00,0.0,0.0,22.811892746428573,21.01503390238095,0.0,0.0,0.0,26.8,39
2020-05-31 04:00:00,0.0,0.0,22.364623,20.756352733333333,0.0,0.0,0.0,27.0,38
2020-05-31 05:00:00,0.0,0.0,22.03239558809524,20.565469147619048,0.0003237539976785,0.3237539976785,10.0,26.0,64
2020-05-31 06:00:00,1286.56294646375,13261.65178549,22.255024816666666,21.75386655,0.0422685925866666,42.2685925866666,109.0,27.0,100
2020-05-31 07:00:00,3645.934821475,37290.30803625,22.9230814,24.47139335,0.1142940397166666,114.2940397166666,172.0,28.1,78
2020-05-31 08:00:00,9469.008482075,96534.93303525,24.12895488452381,31.152774017857148,0.3103530583928571,310.3530583928571,337.0,29.4,96
2020-05-31 09:00:00,14569.51026785,148798.25446425,25.89544733333333,42.324756066666666,0.481262297,481.262297,317.0,29.8,85
2020-05-31 10:00:00,20735.7522326,212297.28571675,27.450291425000003,47.23949252380952,0.7364355854880953,736.4355854880953,434.0,30.4,73
2020-05-31 11:00:00,20510.125000275,209977.477677,28.54016315,48.55766298333333,0.6111365016666666,611.1365016666665,590.0,30.8,76
2020-05-31 12:00:00,20129.71607115,206075.74107125,29.561058302380957,51.63714665595238,0.7024086472023809,702.408647202381,590.0,31.3,53
2020-05-31 13:00:00,14119.450000025,144359.91071425,30.263973466666663,50.67387648333333,0.5152410561833333,515.2410561833333,602.0,32.0,61
2020-05-31 14:00:00,12751.49464285,130455.4151805,30.32167863333333,46.48818968333333,0.4501184893333333,450.11848933333334,490.0,31.8,46
2020-05-31 15:00:00,5693.608035775,58006.54910725,27.55880271071429,31.797078135714287,0.1739340094309523,173.9340094309523,408.0,31.9,45
2020-05-31 16:00:00,4728.608035725,48207.36160775,27.78012088333333,32.202238066666666,0.1453450151166666,145.3450151166666,257.0,30.4,49
2020-05-31 17:00:00,3335.9723214,34114.7321425,28.025526807142857,30.392372797619046,0.1059259527785713,105.9259527785713,104.0,30.3,80
2020-05-31 18:00:00,509.0508928535,5258.50446431,27.0164485,26.382060733333333,0.0173175284044999,17.3175284044999,19.0,29.3,28
2020-05-31 19:00:00,0.0,0.0,25.682224060714283,23.658965822619045,0.0,0.0,0.0,28.7,22
2020-05-31 20:00:00,0.0,0.0,24.8379374,22.272830183333333,0.0,0.0,0.0,28.3,80
2020-05-31 21:00:00,0.0,0.0,24.232111375,22.05393967023809,0.0,0.0,0.0,27.9,98
2020-05-31 22:00:00,0.0,0.0,23.76321355,21.650489816666664,0.0,0.0,0.0,27.5,92
2020-05-31 23:00:00,0.0,0.0,23.566329366666665,21.389177933333333,0.0,0.0,0.0,27.2,98
2020-06-01 00:00:00,0.0,0.0,22.984830366666664,20.318536004761903,0.0,0.0,0.0,27.1,95
2020-06-01 01:00:00,0.0,0.0,22.402358516666663,20.1491374,0.0,0.0,0.0,27.2,91
2020-06-01 02:00:00,0.0,0.0,21.9681661,20.016897077380957,0.0,0.0,0.0,27.3,32
2020-06-01 03:00:00,0.0,0.0,21.61236728333333,19.589257216666667,0.0,0.0,0.0,27.3,13
2020-06-01 04:00:00,0.0,0.0,21.450485383333334,19.756565020238096,0.0,0.0,0.0,27.2,7
2020-06-01 05:00:00,0.0,0.0,21.266458083333333,19.484783416666662,3.654130565e-05,0.03654130565,13.0,26.9,8
2020-06-01 06:00:00,1626.0625000205,16703.3214286625,21.744154307142857,21.155460257142856,0.0547979956238095,54.7979956238095,114.0,27.8,92
2020-06-01 07:00:00,7743.6352678,78906.473214,23.563298083333333,27.238455183333333,0.2786148728333332,278.6148728333332,282.0,29.2,90
2020-06-01 08:00:00,13150.122321475,134205.5535715,25.508490966666667,38.459726933333336,0.4616985471666666,461.6985471666666,437.0,30.5,94
2020-06-01 09:00:00,14251.8558036,145525.55357125,26.95265453452381,43.46012772619048,0.4820683589285713,482.0683589285713,548.0,31.5,100
2020-06-01 10:00:00,21428.87276745,219397.42857075,28.69236753333333,52.2718185,0.7905447196666667,790.5447196666668,452.0,31.8,100
2020-06-01 11:00:00,20818.55535625,213190.357146,29.727355910714287,55.17149921904761,0.7429766296190475,742.9766296190476,677.0,32.6,42
2020-06-01 12:00:00,12748.7294643,130133.955357,29.500049866666668,46.198145616666665,0.4600924206666666,460.0924206666666,699.0,31.9,41
2020-06-01 13:00:00,17466.475893225,178636.15118875,28.72519416062271,42.48186363956044,0.5849628438763735,584.9628438763735,669.0,32.6,26
2020-06-01 14:00:00,7646.552678525,77979.44196475,27.03158118333333,33.09719545,0.2352925498333333,235.2925498333333,643.0,32.1,29
2020-06-01 15:00:00,4363.589732075,44546.04017775,26.699546175,30.1194295,0.1295021397130952,129.5021397130952,447.0,31.6,58
2020-06-01 16:00:00,3763.094196475,38416.78125075,26.6928172,29.12152405,0.1140604543166666,114.06045431666661,267.0,31.0,92
2020-06-01 17:00:00,1968.433928605,20271.16071435,25.831221066666664,26.855030783333333,0.0618648663666666,61.8648663666666,105.0,30.0,99
2020-06-01 18:00:00,446.8950892875,4621.29017855,25.282939439285716,24.450792613095235,0.0157981494954737,15.798149495473702,18.0,29.0,85
2020-06-01 19:00:00,0.0,0.0,24.5138815,22.595769766666667,0.0,0.0,0.0,28.3,87
2020-06-01 20:00:00,0.0,0.0,23.856714479761905,21.55836550714286,0.0,0.0,0.0,27.9,91
2020-06-01 21:00:00,0.0,0.0,23.464801,21.038550816666667,0.0,0.0,0.0,27.7,90
2020-06-01 22:00:00,0.0,0.0,22.970588082142857,20.370118630952376,0.0,0.0,0.0,27.6,98
2020-06-01 23:00:00,0.0,0.0,22.2660253,20.106944866666662,0.0,0.0,0.0,27.7,100
2020-06-02 00:00:00,0.0,0.0,22.528203366666663,20.202085383333333,0.0,0.0,0.0,27.8,99
2020-06-02 01:00:00,0.0,0.0,21.91399434404762,20.039730632142856,0.0,0.0,0.0,27.7,98
2020-06-02 02:00:00,0.0,0.0,21.589045716666668,19.6532836,0.0,0.0,0.0,27.6,98
2020-06-02 03:00:00,0.0,0.0,21.306182786904763,19.64173472380952,0.0,0.0,0.0,27.6,98
2020-06-02 04:00:00,0.0,0.0,21.4971415,19.96193943333333,0.0,0.0,0.0,27.4,97
2020-06-02 05:00:00,0.0,0.0,21.683181952380952,20.17802011309524,1.9480226825e-05,0.019480226825,10.0,27.4,90
2020-06-02 06:00:00,943.308482146,9741.58035716,21.9490306,21.57059075,0.0320924908249999,32.092490824999906,108.0,28.0,82
2020-06-02 07:00:00,4245.05848215,43334.142857,23.107134245238097,25.21412415357143,0.1336466647619047,133.6466647619047,295.0,29.2,93
2020-06-02 08:00:00,15104.83660715,154268.13839325,25.130929483333333,41.071773316666665,0.5237007351666667,523.7007351666667,416.0,30.3,93
2020-06-02 09:00:00,18801.330357175,192279.04464575,26.693789716666668,46.8221156,0.6472665915,647.2665915,543.0,31.5,67
2020-06-02 10:00:00,17603.222321425,179900.20089275,27.368866341666667,45.2529863702381,0.5826241637023809,582.6241637023809,724.0,32.3,5
2020-06-02 11:00:00,15477.872767875,158101.8169645,27.5636642,42.76973325,0.5013793961666666,501.3793961666666,867.0,33.3,34
2020-06-02 12:00:00,20288.8071423,207536.22768125,27.71823013809524,44.20994412619048,0.6776177424285714,677.6177424285714,789.0,32.0,83
2020-06-02 13:00:00,25382.695536175,260093.0892825,27.834461,48.0804741,0.8504542575,850.4542575,480.0,31.0,97
2020-06-02 14:00:00,17136.671874975,175189.33035775,27.184618510714287,41.95883473452381,0.5611298656904762,561.1298656904762,398.0,30.1,100
2020-06-02 15:00:00,13213.721874975,134887.1651785,26.59697525,37.748958216666665,0.4122924611666666,412.2924611666666,122.0,29.5,100
2020-06-02 16:00:00,10513.118749975,107219.23214275,26.347669091666667,35.557502414285715,0.3321054202499999,332.1054202499999,92.0,28.9,97
2020-06-02 17:00:00,3151.72767861,32250.544642475,25.281263249999995,27.36232605,0.1026417189166666,102.64171891666659,108.0,30.3,96
2020-06-02 18:00:00,304.52083333275,3152.206845235,24.56919361785714,23.74849149761905,0.0139413557733094,13.9413557733094,22.0,28.8,99
2020-06-02 19:00:00,0.0,0.0,24.2131485,22.17606356666667,0.0,0.0,0.0,28.0,99
2020-06-02 20:00:00,0.0,0.0,23.62470751666666,20.995983622619043,0.0,0.0,0.0,27.7,93
2020-06-02 21:00:00,0.0,0.0,23.079214,20.37944848333333,0.0,0.0,0.0,27.7,95
2020-06-02 22:00:00,0.0,0.0,23.093489583333334,20.9638403,0.0,0.0,0.0,27.5,89
2020-06-02 23:00:00,0.0,0.0,23.123945164285715,21.195636552380957,0.0,0.0,0.0,27.3,34
2020-06-03 00:00:00,0.0,0.0,22.85077665,20.6167821,0.0,0.0,0.0,27.0,35
2020-06-03 01:00:00,0.0,0.0,22.831480598809524,21.478441560714288,0.0,0.0,0.0,26.9,49
2020-06-03 02:00:00,0.0,0.0,22.61596733333333,21.17724508333333,0.0,0.0,0.0,26.8,29
2020-06-03 03:00:00,0.0,0.0,22.439410432142857,20.76521159523809,0.0,0.0,0.0,26.7,22
2020-06-03 04:00:00,0.0,0.0,22.340443383333334,20.830812566666665,0.0,0.0,0.0,26.7,17
2020-06-03 05:00:00,0.0,0.0,22.11730435833333,20.948890871428567,4.17164965e-05,0.0417164965,12.0,27.1,11
2020-06-03 06:00:00,1016.53080357325,10490.696428555,21.953793366666662,21.335348516666667,0.0338185507416666,33.8185507416666,119.0,28.0,79
2020-06-03 07:00:00,5256.778571475,53602.00892775,23.07957758333333,27.48246155,0.1719930231666666,171.9930231666666,284.0,29.1,97
2020-06-03 08:00:00,9943.351339325,101328.107143,24.923908964285715,33.83705548214286,0.3200839641071428,320.0839641071428,287.0,29.3,57
2020-06-03 09:00:00,13076.4705357,133456.22321375,25.899281816666665,36.72769868333333,0.4172927669999999,417.2927669999999,582.0,30.3,39
2020-06-03 10:00:00,16980.487946575,173542.0625005,26.56526970833333,39.5705625297619,0.5521217240833334,552.1217240833333,792.0,31.5,77
2020-06-03 11:00:00,23031.450893375,235762.85714475,28.122532133333333,48.67207953333333,0.8002929516666666,800.2929516666666,843.0,32.1,59
2020-06-03 12:00:00,23224.566965,237770.46875125,28.47572488571429,49.95710241547619,0.7716695621071429,771.6695621071428,813.0,32.6,36
2020-06-03 13:00:00,21237.59702355,217258.4196395,28.59350100833333,49.010610891666666,0.7192448333333333,719.2448333333333,759.0,32.1,52
2020-06-03 14:00:00,20866.79226206667,213481.35119266668,28.316502817460314,47.690869815873015,0.7069825720952382,706.9825720952382,485.0,29.2,87
2020-06-03 15:00:00,19062.454017775,195032.138395,28.5670726,47.0080409,0.646814382,646.8143819999999,288.0,29.4,88
2020-06-03 16:00:00,8594.765625,87633.70089275,26.978599591666665,34.23532392380952,0.273762104345238,273.762104345238,202.0,29.5,85
2020-06-03 17:00:00,6224.529464175001,63524.57142875,26.42165583333333,31.89054815,0.2217487387666666,221.7487387666666,110.0,30.5,79
2020-06-03 18:00:00,601.0982142865,6211.049107145001,25.085260533333333,24.184896366666667,0.0228059634342499,22.805963434249897,19.0,29.8,29
2020-06-03 19:00:00,0.0,0.0,24.131776848809523,21.645084016666665,0.0,0.0,0.0,29.2,26
2020-06-03 20:00:00,0.0,0.0,23.6723486,21.31022795,0.0,0.0,0.0,28.6,22
2020-06-03 21:00:00,0.0,0.0,23.40822141190476,20.900538526190477,0.0,0.0,0.0,28.4,21
2020-06-03 22:00:00,0.0,0.0,23.29039965,21.26498268333333,0.0,0.0,0.0,28.2,32
2020-06-03 23:00:00,0.0,0.0,23.295533875,21.83589478928571,0.0,0.0,0.0,28.1,24
2020-06-04 00:00:00,0.0,0.0,23.231469716666663,21.85238645,0.0,0.0,0.0,28.0,27
2020-06-04 01:00:00,0.0,0.0,22.940034534523807,20.832421529761906,0.0,0.0,0.0,27.9,39
2020-06-04 02:00:00,0.0,0.0,22.937562516666667,21.21924848333333,0.0,0.0,0.0,27.8,91
2020-06-04 03:00:00,0.0,0.0,22.204723166666668,19.6024134,0.0,0.0,0.0,27.7,95
2020-06-04 04:00:00,0.0,0.0,21.809643576190474,19.32744831547619,0.0,0.0,0.0,27.5,100
2020-06-04 05:00:00,0.0,0.0,22.2581395,20.129351866666667,0.00010663811675,0.10663811675,9.0,28.0,100
2020-06-04 06:00:00,1278.90223213925,13175.620535665,22.431216054761904,20.97505185833333,0.0440358102633333,44.0358102633333,103.0,28.9,90
2020-06-04 07:00:00,5570.7785714500005,56793.99107175,23.5033193,26.53042758333333,0.2037443522666666,203.7443522666666,281.0,30.0,85
2020-06-04 08:00:00,11562.5191964,117944.3348215,25.29721652857143,37.50783156904762,0.3930512096666666,393.05120966666664,463.0,31.2,66
2020-06-04 09:00:00,14879.25669645,151993.93749975,26.80616915,42.16953125,0.4725451148333333,472.5451148333333,633.0,32.2,28
2020-06-04 10:00:00,21361.051339225,218788.63839675,27.872224930952378,47.245024469047614,0.749098090952381,749.098090952381,728.0,33.0,25
2020-06-04 11:00:00,21364.83526785,218699.53124775,28.961748816666667,51.57386715,0.7456370488333333,745.6370488333332,739.0,31.6,87
2020-06-04 12:00:00,21519.1718757,220391.3616105,29.53218403809524,51.94037626190476,0.7650117286904762,765.0117286904762,371.0,30.7,100
2020-06-04 13:00:00,23619.621429275,241942.142847,29.98561805,53.26506921666667,0.8593581025000001,859.3581025000001,378.0,31.1,98
2020-06-04 14:00:00,17518.933482175,179152.0535675,29.24605255,45.20831901666666,0.5764752508333333,576.4752508333332,393.0,30.2,94
2020-06-04 15:00:00,19626.6017855,200771.8883935,28.92544886190476,47.22052300833333,0.6612217138809524,661.2217138809524,267.0,30.1,98
2020-06-04 16:00:00,13083.04017855,133540.549107,28.24327695,40.68523606666667,0.4319029835,431.9029835,142.0,29.5,100
2020-06-04 17:00:00,6913.1727679,70400.517857,27.320749080952385,33.09117673095238,0.2410959366023809,241.0959366023809,53.0,31.0,100
2020-06-04 18:00:00,645.91235119525,6663.2976190625,25.75932925,25.139221266666667,0.0244596279286666,24.4596279286666,22.0,30.0,83
2020-06-04 19:00:00,0.0,0.0,24.637524204761903,21.840617316666663,0.0,0.0,0.0,29.3,100
2020-06-04 20:00:00,0.0,0.0,24.02648058333334,21.31389163333333,0.0,0.0,0.0,29.0,100
2020-06-04 21:00:00,0.0,0.0,23.462045330952375,20.81418126309524,0.0,0.0,0.0,28.7,100
2020-06-04 22:00:00,0.0,0.0,23.07879283333333,20.27977238333333,0.0,0.0,0.0,28.4,100
2020-06-04 23:00:00,0.0,0.0,22.397249322619047,19.55560314285714,0.0,0.0,0.0,28.2,100
2020-06-05 00:00:00,0.0,0.0,22.39559265,19.928119416666664,0.0,0.0,0.0,28.1,100
2020-06-05 01:00:00,0.0,0.0,22.16502695357143,19.480210070238098,0.0,0.0,0.0,28.1,100
2020-06-05 02:00:00,0.0,0.0,21.97895713333333,19.5299256,0.0,0.0,0.0,28.0,100
2020-06-05 03:00:00,0.0,0.0,21.90410951309524,19.62372155595238,0.0,0.0,0.0,27.9,100
2020-06-05 04:00:00,0.0,0.0,21.68642833333333,19.43872178333333,0.0,0.0,0.0,27.9,92
2020-06-05 05:00:00,0.0,0.0,21.584485778571427,19.565233453571427,0.0002120033271428,0.21200332714279999,12.0,27.4,94
2020-06-05 06:00:00,1251.48973217075,12876.0937499225,21.837783266666666,20.352920066666663,0.0414333806349999,41.4333806349999,87.0,28.3,75
2020-06-05 07:00:00,4231.051785725,43194.62053575,22.84730106190476,25.119723141666668,0.1406319852714285,140.6319852714285,255.0,29.2,96
2020-06-05 08:00:00,12103.00535715,123550.7187505,24.485236633333333,34.69560836666667,0.4327397011666666,432.7397011666666,343.0,30.0,89
2020-06-05 09:00:00,17026.040624825,174046.9598255,26.72716825,45.35476793333334,0.5630597573333332,563.0597573333332,502.0,31.1,73
2020-06-05 10:00:00,20072.999107825,205457.51339575,27.71860523690476,48.83224894166667,0.6770821471428571,677.0821471428571,643.0,31.8,62
2020-06-05 11:00:00,23655.979018525,242368.4821455,28.28674625,55.77718448333333,0.8991218703333335,899.1218703333335,683.0,31.0,77
2020-06-05 12:00:00,9908.3946428,100980.31696525,26.24573979523809,35.846553439285714,0.3128115066071428,312.8115066071428,491.0,29.9,97
2020-06-05 13:00:00,21420.004463925,219299.236614,26.30506895,45.04044856666667,0.7189348643333333,718.9348643333333,417.0,30.8,100
2020-06-05 14:00:00,21716.605357525,222368.558038,29.20993514523809,52.47157316190476,0.7509132963333333,750.9132963333333,259.0,30.1,100
2020-06-05 15:00:00,15494.025000075,158394.08035675,29.28798618333333,45.0863526,0.5207533706666667,520.7533706666667,277.0,30.4,100
2020-06-05 16:00:00,13274.6767856,135488.0267865,29.130685427380957,41.64445941904762,0.4470425226071428,447.04252260714276,180.0,30.6,100
2020-06-05 17:00:00,7514.90357145,76561.888393,28.2909881,34.9216233,0.2566156916666666,256.6156916666666,82.0,31.1,99
2020-06-05 18:00:00,974.363541626,10031.9627973925,26.69215889404762,27.17154075,0.0368127000385118,36.8127000385118,18.0,30.2,100
2020-06-05 19:00:00,0.0,0.0,24.90590915,22.389537583333336,0.0,0.0,0.0,29.9,100
2020-06-05 20:00:00,0.0,0.0,24.14407631190476,21.354980260714285,0.0,0.0,0.0,29.3,100
2020-06-05 21:00:00,0.0,0.0,23.5107015,20.58587483333333,0.0,0.0,0.0,29.2,100
2020-06-05 22:00:00,0.0,0.0,23.00879798095238,20.06052105119048,0.0,0.0,0.0,29.1,100
2020-06-05 23:00:00,0.0,0.0,22.54544573333333,19.709701983333336,0.0,0.0,0.0,28.9,99
2020-06-06 00:00:00,0.0,0.0,22.37295531428571,19.63424359642857,0.0,0.0,0.0,28.7,100
2020-06-06 01:00:00,0.0,0.0,22.143518016666665,19.52920833333333,0.0,0.0,0.0,28.4,100
2020-06-06 02:00:00,0.0,0.0,21.87325893333333,19.42582145,0.0,0.0,0.0,28.3,100
2020-06-06 03:00:00,0.0,0.0,21.52900021309524,19.15860366904762,0.0,0.0,0.0,28.2,100
2020-06-06 04:00:00,0.0,0.0,21.29566493333333,18.964003016666663,0.0,0.0,0.0,27.9,100
2020-06-06 05:00:00,0.0,0.0,20.6771564,18.29242399880952,0.000262526357,0.262526357,13.0,28.4,100
2020-06-06 06:00:00,1474.725892855,15165.834821725,21.130987516666668,19.59287003333333,0.0505171043733333,50.517104373333304,104.0,29.3,100
2020-06-06 07:00:00,7763.867410675,79070.6964285,23.242579954761908,28.398200604761904,0.3046097639166666,304.6097639166666,255.0,30.3,100
2020-06-06 08:00:00,12759.0428571,130215.81249975,25.549276266666663,40.33330388333333,0.4566014915,456.6014915,392.0,31.3,99
2020-06-06 09:00:00,13555.2321429,138431.1383935,26.76387909880952,40.62179940357143,0.4765202359404761,476.5202359404761,509.0,31.9,100
2020-06-06 10:00:00,19772.46428585,202466.035715,28.044093316666665,49.55097761666667,0.6890630695,689.0630695,456.0,32.2,98
2020-06-06 11:00:00,18350.3406245,187875.97768425,29.33593665595238,49.92544553214286,0.6319854227499999,631.9854227499999,638.0,32.7,96
2020-06-06 12:00:00,19198.5035715,196551.906247,29.723899816666663,49.31684701666667,0.7225126698333333,722.5126698333332,760.0,33.2,95
2020-06-06 13:00:00,18900.3008931,193528.50446625,28.60822363452381,44.48139603452381,0.644815158,644.815158,435.0,31.2,98
2020-06-06 14:00:00,14231.3772329,145643.06696425,27.339747133333333,42.28642523333333,0.4759223588333333,475.9223588333333,437.0,31.0,98
2020-06-06 15:00:00,8988.941071475001,91580.419643,26.07960898690476,31.382009366666665,0.2722693981071428,272.26939810714276,363.0,31.2,99
2020-06-06 16:00:00,3691.929910775,37787.02232125,25.835363216666668,28.91799015,0.1116237712666666,111.62377126666661,220.0,30.9,99
2020-06-06 17:00:00,1253.97232143,12942.513392825,24.603566916666665,25.13449203333333,0.0381508318499999,38.1508318499999,101.0,31.3,97
2020-06-06 18:00:00,142.43303571925,1475.6964285549998,23.903491442857145,23.231367176190474,0.0068656936464761,6.8656936464761005,22.0,30.6,77
2020-06-06 19:00:00,0.0,0.0,23.05416055,21.832463516666667,0.0,0.0,0.0,30.0,26
2020-06-06 20:00:00,0.0,0.0,22.33755772142857,20.38167793809524,0.0,0.0,0.0,29.2,26
2020-06-06 21:00:00,0.0,0.0,22.20591993333333,20.434828683333333,0.0,0.0,0.0,28.7,24
2020-06-06 22:00:00,0.0,0.0,22.155004283333334,20.229067033333333,0.0,0.0,0.0,28.3,18
2020-06-06 23:00:00,0.0,0.0,22.13166079285714,20.211067936904765,0.0,0.0,0.0,28.0,15
2020-06-07 00:00:00,0.0,0.0,22.172480333333333,20.4849584,0.0,0.0,0.0,27.7,14
2020-06-07 01:00:00,0.0,0.0,22.246113760714287,20.77359950595238,0.0,0.0,0.0,27.7,74
2020-06-07 02:00:00,0.0,0.0,22.066873166666667,20.41552323333333,0.0,0.0,0.0,27.5,90
2020-06-07 03:00:00,0.0,0.0,21.903646795238096,20.21529535952381,0.0,0.0,0.0,27.3,25
2020-06-07 04:00:00,0.0,0.0,21.937317416666662,20.36009113333333,0.0,0.0,0.0,27.4,18
2020-06-07 05:00:00,0.0,0.0,22.10403072142857,20.75908659642857,6.1158156675525e-05,0.061158156675524995,12.0,27.9,9
2020-06-07 06:00:00,1460.5549107,15006.9687499775,22.097016366666665,21.656446816666666,0.0499134762133332,49.9134762133332,119.0,29.4,55
2020-06-07 07:00:00,4404.36919645,44927.2008915,22.537069216666666,26.026079316666667,0.1408685824166666,140.8685824166666,262.0,30.6,46
2020-06-07 08:00:00,8392.256696475,85438.633929,23.161128522619048,30.484799019047617,0.2624469832023809,262.4469832023809,405.0,31.4,54
2020-06-07 09:00:00,16523.571874975,168808.392857,24.37360893333333,40.38200171666666,0.5319708848333333,531.9708848333333,552.0,32.3,63
2020-06-07 10:00:00,19974.54732105,204367.361608,25.578311978571428,43.94060321428572,0.6711461439166666,671.1461439166666,660.0,33.2,37
2020-06-07 11:00:00,25593.988393075,262237.874995,27.54687648333333,55.65297193333333,0.9060520798333332,906.0520798333332,755.0,32.9,56
2020-06-07 12:00:00,24268.216518175,248901.90178575,28.78057265,58.29784398333333,1.01170257725,1011.7025772499999,607.0,32.1,79
2020-06-07 13:00:00,17341.53973185,177710.397318,29.982181766666663,54.78888251666668,0.8305941268333333,830.5941268333333,541.0,29.6,100
2020-06-07 14:00:00,15918.72499987,162822.8214276,30.14626677619048,47.40827010357143,0.5641124195119047,564.1124195119047,315.0,29.9,100
2020-06-07 15:00:00,16338.513839325002,167013.8839285,30.261759416666667,45.48479053333334,0.5349026459999999,534.9026459999999,235.0,29.4,100
2020-06-07 16:00:00,11828.953124925,120714.94196425,29.89853853809524,40.54269408690476,0.3954279477142856,395.42794771428555,136.0,28.8,100
2020-06-07 17:00:00,5443.10267865,55513.66517875,28.36608935,32.9798356,0.1829986781499999,182.9986781499999,96.0,30.2,100
2020-06-07 18:00:00,546.53437500225,5646.99553574,26.166535141666667,25.18450142619048,0.0183955091946666,18.395509194666598,21.0,29.5,94
2020-06-07 19:00:00,0.0,0.0,24.83889968333333,22.56007793333333,0.0,0.0,0.0,29.2,96
2020-06-07 20:00:00,0.0,0.0,24.07084668928572,22.097435150000003,0.0,0.0,0.0,29.0,96
2020-06-07 21:00:00,0.0,0.0,23.6971705,22.110029066666662,0.0,0.0,0.0,28.7,96
2020-06-07 22:00:00,0.0,0.0,23.200513158333333,21.377294566666663,0.0,0.0,0.0,28.5,94
2020-06-07 23:00:00,0.0,0.0,23.2523081,21.9663025,0.0,0.0,0.0,28.3,96
2020-06-08 00:00:00,0.0,0.0,23.1135085,21.86410755357143,0.0,0.0,0.0,28.0,97
2020-06-08 01:00:00,0.0,0.0,22.606850652380952,20.955526729761907,0.0,0.0,0.0,27.9,94
2020-06-08 02:00:00,0.0,0.0,22.44120888333333,21.1601827,0.0,0.0,0.0,27.7,95
2020-06-08 03:00:00,0.0,0.0,22.15589973690476,20.98212627261905,0.0,0.0,0.0,27.7,93
2020-06-08 04:00:00,0.0,0.0,22.009183013095235,20.700276610714283,0.0,0.0,0.0,27.7,78
2020-06-08 05:00:00,0.0,0.0,21.58335928333333,20.21429193333333,0.0002589239468333,0.2589239468333,9.0,27.9,100
2020-06-08 06:00:00,1335.23258927425,13760.17857149,21.622181305952378,21.28217550714286,0.0440625881261904,44.0625881261904,108.0,28.7,68
2020-06-08 07:00:00,5304.911160775,54098.196429,22.593312066666662,26.222001566666663,0.1864755231166666,186.4755231166666,202.0,28.8,93
2020-06-08 08:00:00,10864.101785675,110775.79464325,24.218138339285712,35.08357694642857,0.3629858909047618,362.9858909047618,326.0,29.8,87
2020-06-08 09:00:00,20800.929583025,212857.30595125,26.628920790750914,46.91917336327839,0.7135166228891942,713.5166228891942,539.0,30.9,89
2020-06-08 10:00:00,24631.8142852,252458.55357025,28.18635006547619,52.06436005,0.8618694146666667,861.8694146666667,682.0,31.8,87
2020-06-08 11:00:00,23454.44955325,240268.30357175,28.779726116666662,50.16498105,0.8080811234999999,808.0811235,745.0,32.6,76
2020-06-08 12:00:00,20679.603124825,211581.84374875,29.15430167380952,47.4609097654762,0.7173900709761905,717.3900709761905,765.0,32.7,60
2020-06-08 13:00:00,19683.317857,201499.3348205,29.94881073333333,50.545794666666666,0.7360743284999999,736.0743284999999,427.0,31.9,64
2020-06-08 14:00:00,22100.31339245,226268.5892875,30.673969560714283,52.703012975,0.7593683400714284,759.3683400714284,407.0,29.9,100
2020-06-08 15:00:00,17899.21473195,182963.05803725,30.7856949,47.27726593333333,0.5980849598333333,598.0849598333333,257.0,30.0,100
2020-06-08 16:00:00,10276.65625005,104861.0758925,29.022301683333332,38.10209493333334,0.3401943509333333,340.1943509333333,199.0,30.5,99
2020-06-08 17:00:00,4757.149553575,48557.285714,28.64792483095238,33.119577172619046,0.1711332796809523,171.13327968095228,116.0,31.0,98
2020-06-08 18:00:00,734.1723214225,7579.2455357,27.128252733333333,26.393591266666668,0.0293862618245499,29.3862618245499,22.0,29.9,72
2020-06-08 19:00:00,0.0,0.0,25.50202189523809,23.008134266666666,0.0,0.0,0.0,29.4,59
2020-06-08 20:00:00,0.0,0.0,24.325386566666666,21.1372071,0.0,0.0,0.0,28.9,70
2020-06-08 21:00:00,0.0,0.0,23.514334935714285,20.59146790357143,0.0,0.0,0.0,28.5,73
2020-06-08 22:00:00,0.0,0.0,23.1912215,20.74686283333333,0.0,0.0,0.0,28.1,57
2020-06-08 23:00:00,0.0,0.0,22.757581100000003,20.227443466666667,0.0,0.0,0.0,27.7,55
2020-06-09 00:00:00,0.0,0.0,22.21815481785714,19.386306176190477,0.0,0.0,0.0,27.4,51
2020-06-09 01:00:00,0.0,0.0,21.845899433333333,19.4871241,0.0,0.0,0.0,27.2,58
2020-06-09 02:00:00,0.0,0.0,21.417404016666666,19.188193397619045,0.0,0.0,0.0,27.0,50
2020-06-09 03:00:00,0.0,0.0,21.314007566666668,19.31135761666667,0.0,0.0,0.0,26.8,5
2020-06-09 04:00:00,0.0,0.0,21.30507365833333,19.688138425,0.0,0.0,0.0,26.6,8
2020-06-09 05:00:00,0.0,0.0,21.21301208333333,19.4132019,0.0002456220666666,0.2456220666666,13.0,27.5,24
2020-06-09 06:00:00,1562.6325893475,16069.825892275,21.63425604047619,20.333628392857143,0.0510595843721428,51.0595843721428,119.0,28.6,27
2020-06-09 07:00:00,5485.152678525,55905.65624975,23.2867858,26.704984083333336,0.2188101443333333,218.81014433333328,303.0,30.0,66
2020-06-09 08:00:00,14015.081696425,143080.91517875,25.32653898809524,39.06813579166667,0.5008473409404761,500.8473409404761,421.0,31.0,67
2020-06-09 09:00:00,18931.923214325,193654.2053605,27.49978385,47.00158256666666,0.6641447218333333,664.1447218333333,636.0,32.0,17
2020-06-09 10:00:00,21352.606249375,218745.92857275,28.362417516666667,48.03990076666666,0.7577397655,757.7397655,736.0,32.8,13
2020-06-09 11:00:00,23540.416071525,241195.8705455,29.966948682142856,54.44581669404762,0.8505517691666667,850.5517691666668,816.0,33.3,61
2020-06-09 12:00:00,20290.9602674,207736.41071875,30.39640711666667,51.21747753333333,0.7240576521666666,724.0576521666666,700.0,33.4,65
2020-06-09 13:00:00,21207.922767475,217150.602684,31.08761780952381,54.871484561904765,0.7595741170595238,759.5741170595238,681.0,32.5,78
2020-06-09 14:00:00,15664.21339295,160050.3303575,30.82582395,45.61594095,0.5113312998333334,511.3312998333334,452.0,32.3,76
2020-06-09 15:00:00,17430.4790179,178091.71428625,30.56048666785714,45.45718743690476,0.5725845436071428,572.5845436071428,425.0,30.9,98
2020-06-09 16:00:00,11499.323660675,117290.7410705,29.87070465,40.18490073333333,0.3819170283333333,381.9170283333333,200.0,30.7,95
2020-06-09 17:00:00,5098.8642857,51998.584821,28.407150461904763,32.63908220357143,0.1704151251190475,170.4151251190475,111.0,31.0,98
2020-06-09 18:00:00,729.79508928775,7531.437500030001,26.797197966666666,26.31715188333333,0.0253896157694999,25.389615769499898,23.0,29.8,94
2020-06-09 19:00:00,0.0,0.0,25.348752933333333,23.06225128333333,0.0,0.0,0.0,29.8,62
2020-06-09 20:00:00,0.0,0.0,24.57488457619048,22.17879730595238,0.0,0.0,0.0,29.5,50
2020-06-09 21:00:00,0.0,0.0,23.80950415,21.434218866666665,0.0,0.0,0.0,29.1,98
2020-06-09 22:00:00,0.0,0.0,23.161783222619043,20.728371841666664,0.0,0.0,0.0,28.7,100
2020-06-09 23:00:00,0.0,0.0,22.86705785,20.602625083333333,0.0,0.0,0.0,28.1,100
2020-06-10 00:00:00,0.0,0.0,22.75879456309524,20.860187471428567,0.0,0.0,0.0,27.9,100
2020-06-10 01:00:00,0.0,0.0,22.50895133333333,20.679177866666667,0.0,0.0,0.0,27.7,100
2020-06-10 02:00:00,0.0,0.0,22.356467066666667,20.652160657142858,0.0,0.0,0.0,27.5,100
2020-06-10 03:00:00,0.0,0.0,22.183734066666663,20.131546016666668,0.0,0.0,0.0,27.2,100
2020-06-10 04:00:00,0.0,0.0,21.90007886547619,19.83379872857143,0.0,0.0,0.0,26.9,99
2020-06-10 05:00:00,0.0,0.0,21.864237483333334,19.47839096666667,6.262212005e-05,0.06262212005,13.0,28.1,84
2020-06-10 06:00:00,1458.8169642705,15013.482142685,22.073455464285715,20.550800032142856,0.0490059701880952,49.005970188095205,113.0,29.0,97
2020-06-10 07:00:00,6520.9986607,66422.584821,23.614835616666667,28.175078300000003,0.2551438012499999,255.1438012499999,259.0,29.8,98
2020-06-10 08:00:00,9372.57053575,95532.656251,25.168664566666667,34.65823966666666,0.3069749208333333,306.9749208333333,390.0,30.6,98
2020-06-10 09:00:00,15421.483035675,157507.87499975,26.777984578571427,42.20284340476191,0.5224034428333333,522.4034428333333,488.0,31.2,96
2020-06-10 10:00:00,13166.7258928,134397.9107145,27.34746453333333,39.37138826666666,0.4347563823333333,434.7563823333333,560.0,31.8,96
2020-06-10 11:00:00,16401.389285675,167702.48661025,28.17276197142857,42.79893903690476,0.57247193425,572.47193425,586.0,29.7,100
2020-06-10 12:00:00,25414.3049111,260498.5892805,30.229449916666663,53.94891523333333,0.9085489426666666,908.5489426666667,420.0,30.4,100
2020-06-10 13:00:00,20616.375893175,210985.44196825,31.03364382142857,50.17854783809524,0.6970009455595237,697.0009455595238,568.0,31.0,99
2020-06-10 14:00:00,12594.222767875,128725.861607425,30.1143702,43.11079375,0.4316771927,431.6771927,492.0,30.6,99
2020-06-10 15:00:00,7590.844642825,77326.857143,24.486214266666668,27.86704661666667,0.2215385219999999,221.53852199999992,325.0,30.1,99
2020-06-10 16:00:00,8498.70535715,86599.57142825,26.141634301190475,33.990552408333336,0.2658214083690475,265.8214083690475,203.0,29.7,100
2020-06-10 17:00:00,4067.878571375,41575.2285715,25.93768583690476,29.63778898095238,0.1303745260892856,130.3745260892856,84.0,30.0,100
2020-06-10 18:00:00,360.0562499975,3721.334821425,25.129089883333336,24.85434473333333,0.0122923855007566,12.2923855007566,15.0,29.5,99
2020-06-10 19:00:00,0.0,0.0,24.54995772023809,23.20375764166667,0.0,0.0,0.0,28.9,97
2020-06-10 20:00:00,0.0,0.0,22.99427545,21.79700108333333,0.0,0.0,0.0,28.4,98
2020-06-10 21:00:00,0.0,0.0,22.32739203333333,21.0959442,0.0,0.0,0.0,28.1,95
2020-06-10 22:00:00,0.0,0.0,22.040985173809524,20.644512442857145,0.0,0.0,0.0,27.9,94
2020-06-10 23:00:00,0.0,0.0,22.347103966666666,21.13925985,0.0,0.0,0.0,27.6,91
2020-06-11 00:00:00,0.0,0.0,22.525041579761904,21.602324559523808,0.0,0.0,0.0,27.5,99
2020-06-11 01:00:00,0.0,0.0,22.265796416666667,21.026558399999995,0.0,0.0,0.0,27.2,98
2020-06-11 02:00:00,0.0,0.0,21.931037454761903,20.55646618333333,0.0,0.0,0.0,26.5,99
2020-06-11 03:00:00,0.0,0.0,21.452965316666667,19.779945833333333,0.0,0.0,0.0,26.3,98
2020-06-11 04:00:00,0.0,0.0,21.14273433333333,19.58994848333333,0.0,0.0,0.0,26.4,100
2020-06-11 05:00:00,0.0,0.0,21.783436602380952,20.24134335952381,0.0,0.0,10.0,27.0,100
2020-06-11 06:00:00,554.908482145,5739.5535714,21.869262716666665,21.006458016666667,0.0184017407812166,18.401740781216603,96.0,27.7,97
2020-06-11 07:00:00,2938.8772320775,30115.303571625,22.273554325,24.035769315476188,0.0883573932714285,88.35739327142849,247.0,28.5,98
2020-06-11 08:00:00,6422.15312505,65413.45089375,23.4075262,28.96012168333333,0.1935501178333332,193.5501178333332,371.0,29.4,99
2020-06-11 09:00:00,9281.66696435,94531.3973215,24.411663926190474,32.80928360476191,0.2764825246547618,276.4825246547618,544.0,30.5,99
2020-06-11 10:00:00,12063.0950893,123085.040178,25.266601116666664,35.924667400000004,0.3660450811666667,366.04508116666665,489.0,29.3,98
2020-06-11 11:00:00,16460.245982125,168136.1651785,26.56749265119048,40.45465890119047,0.5188194190357143,518.8194190357143,457.0,30.2,98
2020-06-11 12:00:00,17189.8758929,175645.035714,27.466146833333333,42.31474871666666,0.5472910138333332,547.2910138333332,535.0,29.7,98
2020-06-11 13:00:00,13628.22455355,139105.9821435,27.918365460714284,39.61847077857143,0.4324268295833333,432.4268295833333,257.0,29.0,100
2020-06-11 14:00:00,17578.945982225,179723.120535,28.5833964,43.02808161666666,0.5636008111666666,563.6008111666666,257.0,29.2,100
2020-06-11 15:00:00,14656.357142875,149649.6517855,28.480347441666662,40.42533405476191,0.4715987040833334,471.59870408333336,289.0,28.6,100
2020-06-11 16:00:00,8647.669196425,88071.50000025,27.56247355,34.20432856666667,0.2742958811666666,274.29588116666656,142.0,28.4,100
2020-06-11 17:00:00,3595.7986607225,36768.089286475,26.461340452380952,27.63071820357143,0.1146073834940476,114.6073834940476,84.0,27.9,99
2020-06-11 18:00:00,525.8973214272501,5435.35267859,25.42377875,24.50555833333333,0.0179495107606333,17.949510760633302,9.0,27.5,100
2020-06-11 19:00:00,0.0,0.0,24.488889714285715,22.760087241666668,0.0,0.0,0.0,27.4,100
2020-06-11 20:00:00,0.0,0.0,24.028420516666664,22.70921833333333,0.0,0.0,0.0,27.3,100
2020-06-11 21:00:00,0.0,0.0,23.733483454761902,22.32604291666667,0.0,0.0,0.0,27.3,100
2020-06-11 22:00:00,0.0,0.0,23.529424516666666,22.29703823333333,0.0,0.0,0.0,26.5,100
2020-06-11 23:00:00,0.0,0.0,23.10866839761905,21.318999002380952,0.0,0.0,0.0,26.5,100
2020-06-12 00:00:00,0.0,0.0,22.73296511666667,20.826138816666667,0.0,0.0,0.0,26.5,100
2020-06-12 01:00:00,0.0,0.0,22.5033701,20.597662316666664,0.0,0.0,0.0,26.4,100
2020-06-12 02:00:00,0.0,0.0,22.112153954761908,19.809947642857143,0.0,0.0,0.0,26.3,99
2020-06-12 03:00:00,0.0,0.0,21.935560066666664,20.363659616666663,0.0,0.0,0.0,26.4,97
2020-06-12 04:00:00,0.0,0.0,21.207211536904765,19.839463833333333,0.0,0.0,0.0,26.2,99
2020-06-12 05:00:00,0.0,0.0,20.97530618333333,19.94784795,3.054787016665e-05,0.030547870166650004,9.0,26.6,99
2020-06-12 06:00:00,649.146875005,6706.995535725,21.204113885714285,20.78436993214285,0.0223977499314285,22.3977499314285,70.0,27.4,98
2020-06-12 07:00:00,2262.571428545,23272.78125,21.87899125,23.279086266666667,0.0700061775833332,70.0061775833332,180.0,27.8,96
2020-06-12 08:00:00,6386.948214325,65074.56250025,22.86823837142857,26.416740860714285,0.1963527548261904,196.35275482619042,407.0,29.0,96
2020-06-12 09:00:00,12252.8433036,125028.12499975,24.160982716666663,34.18779911666667,0.3871360715,387.1360715,442.0,29.8,99
2020-06-12 10:00:00,15273.406696525,155981.35714275,25.27437393333333,37.5711939,0.4752335521666666,475.2335521666666,468.0,29.6,100
2020-06-12 11:00:00,18107.11383955,185077.0089295,25.786635447619048,39.33133492738095,0.5655293546190476,565.5293546190476,211.0,27.9,99
2020-06-12 12:00:00,17443.41562515,178261.06249774998,26.994655366666667,43.92880505,0.5645970471666667,564.5970471666667,263.0,28.8,100
2020-06-12 13:00:00,18163.8196428,185620.5848215,27.63316981547619,42.95851310238095,0.5862300068928571,586.2300068928571,247.0,28.9,100
2020-06-12 14:00:00,15329.362946475,156552.6562495,28.428166749999995,42.22785031666667,0.5014357275,501.4357275,231.0,28.5,100
2020-06-12 15:00:00,11339.9178571,115666.4553585,28.014284216666667,37.09369973333334,0.3614980903333332,361.4980903333332,239.0,28.4,100
2020-06-12 16:00:00,5911.611607125,60261.5892865,27.193767227380956,31.725922185714285,0.1871705016785714,187.1705016785714,142.0,28.7,100
2020-06-12 17:00:00,4019.62500005,41039.83482075,26.49310765,29.16198683333333,0.1342744336999999,134.2744336999999,90.0,28.2,100
2020-06-12 18:00:00,682.6406250015,7045.464285742501,25.755933405952376,25.66072101309524,0.0234957491109047,23.495749110904697,12.0,27.9,100
2020-06-12 19:00:00,0.0,0.0,24.2223378,22.77453415,0.0,0.0,0.0,27.6,100
2020-06-12 20:00:00,0.0,0.0,22.96686036904762,21.42827103809524,0.0,0.0,0.0,27.3,100
2020-06-12 21:00:00,0.0,0.0,22.59302066666666,20.9935512,0.0,0.0,0.0,27.1,99
2020-06-12 22:00:00,0.0,0.0,22.58470048333333,21.03625695,0.0,0.0,0.0,27.1,97
2020-06-12 23:00:00,0.0,0.0,22.21718703095238,20.11465347142857,0.0,0.0,0.0,27.2,94
2020-06-13 00:00:00,0.0,0.0,21.701989716666667,19.495899016666662,0.0,0.0,0.0,27.1,94
2020-06-13 01:00:00,0.0,0.0,21.68842464761905,19.62303691309524,0.0,0.0,0.0,27.0,78
2020-06-13 02:00:00,0.0,0.0,21.822737133333334,19.762785333333333,0.0,0.0,0.0,26.9,85
2020-06-13 03:00:00,0.0,0.0,21.78137153333333,19.868782516666663,0.0,0.0,0.0,26.6,75
2020-06-13 04:00:00,0.0,0.0,21.69727224642857,19.722943289285716,0.0,0.0,0.0,26.5,100
2020-06-13 05:00:00,0.0,0.0,21.543674166666666,19.0950724,3.788455441665e-05,0.03788455441665,7.0,26.6,93
2020-06-13 06:00:00,1136.936607131,11725.1651785375,21.27203478333333,19.21184407857143,0.0384122577863095,38.4122577863095,66.0,27.0,98
2020-06-13 07:00:00,6519.605803525,66425.879464,23.1917958,27.83526715,0.2518656206666666,251.86562066666662,165.0,27.5,79
2020-06-13 08:00:00,13890.1857143,141800.8616075,25.419445270238093,38.712062025,0.4791953015357143,479.19530153571435,353.0,28.9,87
2020-06-13 09:00:00,17806.6915181,182030.892858,26.764800016666666,44.02969241666666,0.6189681961666667,618.9681961666666,523.0,30.2,94
2020-06-13 10:00:00,22417.38705315,229636.093743,27.98847389523809,48.33210565,0.7443630204880952,744.3630204880952,601.0,29.5,96
2020-06-13 11:00:00,26293.791964575,269585.35714725003,29.2146815,52.766694483333325,0.9127773248333332,912.7773248333332,518.0,29.1,98
2020-06-13 12:00:00,25740.473660675,263819.03124075,29.62840785,52.8716558,0.9087373986666666,908.7373986666665,495.0,30.2,99
2020-06-13 13:00:00,18726.96205355,191561.28125075,27.835066158333333,43.91590064642857,0.6149967932738095,614.9967932738095,535.0,30.6,97
2020-06-13 14:00:00,22933.938392775,234825.928573,26.7730265,46.32281288333333,0.7757860681666666,775.7860681666666,466.0,31.1,100
2020-06-13 15:00:00,18132.038392225,185373.0312525,27.83805475952381,45.3850103797619,0.6130801912738094,613.0801912738094,301.0,30.0,100
2020-06-13 16:00:00,8396.755803525,85643.6741075,27.133029666666665,35.93918756666666,0.2705743212666666,270.5743212666666,135.0,29.5,99
2020-06-13 17:00:00,3006.7325893425,30778.2812506,25.96131035,28.668762166666664,0.0995929914666666,99.5929914666666,81.0,28.7,100
2020-06-13 18:00:00,506.66383928275,5238.58928574,24.95196490595238,24.57500890952381,0.0189512714778809,18.9512714778809,11.0,28.4,100
2020-06-13 19:00:00,0.0,0.0,23.988856,22.067519150000003,0.0,0.0,0.0,28.2,100
2020-06-13 20:00:00,0.0,0.0,23.662334609523807,22.223281880952378,0.0,0.0,0.0,27.9,100
2020-06-13 21:00:00,0.0,0.0,22.99429991666667,20.87336995,0.0,0.0,0.0,27.8,100
2020-06-13 22:00:00,0.0,0.0,22.49749228452381,20.088200229761902,0.0,0.0,0.0,27.6,98
2020-06-13 23:00:00,0.0,0.0,22.250949666666667,20.15772093333333,0.0,0.0,0.0,27.3,100
2020-06-14 00:00:00,0.0,0.0,22.36448939642857,20.929689051190472,0.0,0.0,0.0,27.1,98
2020-06-14 01:00:00,0.0,0.0,22.522592116666665,20.96172083333333,0.0,0.0,0.0,27.0,97
2020-06-14 02:00:00,0.0,0.0,22.59330848333333,21.34575046666667,0.0,0.0,0.0,26.8,96
2020-06-14 03:00:00,0.0,0.0,22.213901822619047,20.44610273452381,0.0,0.0,0.0,26.8,96
2020-06-14 04:00:00,0.0,0.0,22.24291536666667,20.48833115,0.0,0.0,0.0,26.3,95
2020-06-14 05:00:00,0.0,0.0,22.425866078571428,21.21107796904762,0.0001269734681666,0.1269734681666,9.0,26.8,95
2020-06-14 06:00:00,1127.83482140875,11627.84821405,22.673936016666666,22.5474747,0.0392702121599999,39.2702121599999,76.0,26.7,100
2020-06-14 07:00:00,6836.839285775,69640.93303575,23.539026454761903,27.99460284642857,0.2248918093023809,224.8918093023809,111.0,27.0,100
2020-06-14 08:00:00,9812.787499925,99358.660714,23.92623707261905,30.69432553214286,0.3150319813214285,315.03198132142853,198.0,28.2,100
2020-06-14 09:00:00,16365.01607135,167170.92410725,25.38586885,39.45294201666667,0.5309906034999999,530.9906034999999,282.0,28.9,100
2020-06-14 10:00:00,20554.06383935,210268.85714075,26.335831154761905,41.428593069047615,0.6667824055357143,666.7824055357144,294.0,29.5,100
2020-06-14 11:00:00,17371.242410775,177645.9464305,26.699971583333333,43.935606,0.5948154585,594.8154585,639.0,30.6,99
2020-06-14 12:00:00,14370.6017858,146766.5267855,25.13180071190476,36.79865377857143,0.4847506312857142,484.75063128571423,545.0,30.5,100
2020-06-14 13:00:00,20411.994196475,208910.03571675,26.23947498333333,42.76769806666667,0.7362318888333335,736.2318888333334,530.0,31.1,85
2020-06-14 14:00:00,20642.760714275,211340.34821725,27.688987264285718,52.58246293214286,0.78646324,786.46324,568.0,31.3,76
2020-06-14 15:00:00,16711.580357075,170822.51786025,27.22382458333333,43.08104865,0.5412266708333332,541.2266708333332,408.0,31.0,90
2020-06-14 16:00:00,8099.366071475,82568.29017825,26.579945410714284,34.31413820595238,0.2599797173857143,259.9797173857143,214.0,30.2,76
2020-06-14 17:00:00,2699.0589285475,27629.147321625,25.7598145,28.10756275,0.0874910739666666,87.49107396666659,118.0,27.8,92
2020-06-14 18:00:00,374.17767857275,3873.6116071,25.09665415238095,24.65346915,0.0140026644038333,14.0026644038333,8.0,27.5,100
2020-06-14 19:00:00,0.0,0.0,24.473612483333334,23.04634143333333,0.0,0.0,0.0,27.3,96
2020-06-14 20:00:00,0.0,0.0,23.930111683333333,22.55472108333333,0.0,0.0,0.0,27.4,100
2020-06-14 21:00:00,0.0,0.0,23.85840157023809,22.933454108333333,0.0,0.0,0.0,27.5,99
2020-06-14 22:00:00,0.0,0.0,23.60763445,21.96377408333333,0.0,0.0,0.0,26.8,100
2020-06-14 23:00:00,0.0,0.0,23.39518747857143,21.88143900119048,0.0,0.0,0.0,26.8,99
2020-06-15 00:00:00,0.0,0.0,23.17727401666667,22.4160075,0.0,0.0,0.0,26.7,95
2020-06-15 01:00:00,0.0,0.0,22.683383729761903,21.862138829761907,0.0,0.0,0.0,26.5,96
2020-06-15 02:00:00,0.0,0.0,22.07839958333333,20.950921666666662,0.0,0.0,0.0,26.3,100
2020-06-15 03:00:00,0.0,0.0,22.13947238333333,21.214069185714287,0.0,0.0,0.0,26.1,100
2020-06-15 04:00:00,0.0,0.0,21.752773066666663,20.75748798333333,0.0,0.0,0.0,26.0,99
2020-06-15 05:00:00,0.0,0.0,21.457321683333333,19.974140916666663,0.0001380910588333,0.1380910588333,7.0,26.3,99
2020-06-15 06:00:00,1596.8004464045002,16413.486607135,21.864438232142856,21.86637763928572,0.0534024231047618,53.4024231047618,62.0,27.0,96
2020-06-15 07:00:00,5313.6325893,54186.88839375,23.32752075,27.728564483333336,0.1783761930999999,178.3761930999999,184.0,27.9,97
2020-06-15 08:00:00,15477.93482145,158070.5535705,25.43203509285714,40.25820238809524,0.5269713745357142,526.9713745357142,319.0,28.5,95
2020-06-15 09:00:00,18573.986607125,189894.008929,26.448857116666662,43.63112078333333,0.63095456,630.95456,431.0,29.6,100
2020-06-15 10:00:00,22049.1977683,225788.8750045,27.58554456071429,47.14695884880952,0.7617215733214285,761.7215733214285,615.0,30.6,82
2020-06-15 11:00:00,18917.753125075,193557.24106925,28.4831101,46.80040133333333,0.6443778265,644.3778265,717.0,31.6,95
2020-06-15 12:00:00,15093.7415177,154216.51339425,28.692966716666668,42.4967612,0.5056802166666666,505.68021666666664,417.0,30.7,100
2020-06-15 13:00:00,12361.334821575,126232.147324,28.603203098809523,41.174695952380944,0.407824840797619,407.824840797619,332.0,28.2,100
2020-06-15 14:00:00,14634.194643025,149544.312501,27.346833866666667,38.91272168333333,0.4553930714999999,455.3930714999999,243.0,29.4,99
2020-06-15 15:00:00,13136.47812505,134090.17410675,28.044850154761903,40.24195003452381,0.4267530682023809,426.7530682023809,265.0,29.5,96
2020-06-15 16:00:00,6383.350446475,65021.013393,27.397171016666665,33.26382648333333,0.2007640328333333,200.7640328333333,240.0,29.9,90
2020-06-15 17:00:00,4163.5575893,42535.87053625,26.92583765,31.03985451666667,0.1345007618333333,134.50076183333329,114.0,28.3,89
2020-06-15 18:00:00,419.0035714245,4332.8928570675,26.04268680119048,26.302699702380952,0.0153383763283332,15.338376328333199,9.0,27.7,100
2020-06-15 19:00:00,0.0,0.0,23.049438016666663,21.76602726666667,5.017568066666667e-06,0.005017568066666667,0.0,27.5,99
2020-06-15 20:00:00,0.0,0.0,23.362708494047617,22.209552420238097,0.0,0.0,0.0,27.3,99
2020-06-15 21:00:00,0.0,0.0,23.037701316666663,21.17317045,0.0,0.0,0.0,27.3,98
2020-06-15 22:00:00,0.0,0.0,23.300877503571428,22.095660177380957,0.0,0.0,0.0,27.2,96
2020-06-15 23:00:00,0.0,0.0,23.623521433333337,22.98429001666667,0.0,0.0,0.0,27.2,96
2020-06-16 00:00:00,0.0,0.0,22.819655816666668,21.48786568333333,0.0,0.0,0.0,26.5,99
2020-06-16 01:00:00,0.0,0.0,22.677045014285717,21.159931083333333,0.0,0.0,0.0,26.2,100
2020-06-16 02:00:00,0.0,0.0,22.599575816666665,21.715682966666662,0.0,0.0,0.0,26.1,100
2020-06-16 03:00:00,0.0,0.0,22.44809547857143,21.156207827380957,0.0,0.0,0.0,26.1,99
2020-06-16 04:00:00,0.0,0.0,22.5892745,21.692397616666668,0.0,0.0,0.0,26.1,100
2020-06-16 05:00:00,0.0,0.0,22.602972416666667,21.779056333333333,1.122602905e-05,0.011226029050000001,6.0,25.7,100
2020-06-16 06:00:00,1007.63124999675,10386.6875002425,22.712142269047614,22.528300682142856,0.0338722054270833,33.8722054270833,33.0,26.0,100
2020-06-16 07:00:00,5485.895089325,55950.73214175,23.44747873333333,27.176502,0.1833863181333333,183.3863181333333,75.0,26.1,100
2020-06-16 08:00:00,11403.921428575,116306.1071425,24.73534229047619,34.93801041309524,0.3733144428333333,373.3144428333333,170.0,27.1,100
2020-06-16 09:00:00,15462.96875,157928.45535675,25.88110145,39.42692155,0.5148283631666667,514.8283631666667,336.0,28.8,100
2020-06-16 10:00:00,21218.446875425,217117.94196525,27.19592757857143,47.33734603571429,0.7038898375119047,703.8898375119047,495.0,29.8,98
2020-06-16 11:00:00,18009.6062496,184149.79017825,27.977483183333337,47.303330116666665,0.6148964543333333,614.8964543333333,568.0,31.2,95
2020-06-16 12:00:00,12566.98169645,128304.06696475,27.883197851190477,41.74386970238095,0.4094992589999999,409.4992589999999,347.0,29.6,100
2020-06-16 13:00:00,14088.895089375,143867.74107075,28.181815616666665,42.46433366666667,0.4535981916666667,453.5981916666667,369.0,29.2,100
2020-06-16 14:00:00,15113.261607075,154432.19642599998,28.77689892142857,43.287313980952376,0.4946941069523809,494.69410695238093,467.0,30.0,99
2020-06-16 15:00:00,10940.11388895,111555.918651,28.1495707,38.320228033333336,0.3470823206666666,347.0823206666666,294.0,29.3,100
2020-06-16 16:00:00,7184.6205357,73231.258929,27.782330266666666,34.336136575,0.2361395766071428,236.1395766071428,123.0,28.6,100
2020-06-16 17:00:00,3301.30401781,33767.5892865,26.632721516666667,28.817044116666665,0.1093904310166666,109.3904310166666,100.0,28.5,100
2020-06-16 18:00:00,593.0232142787501,6126.83035714,25.51785120595238,24.724150036904764,0.0201786373740475,20.1786373740475,18.0,28.0,98
2020-06-16 19:00:00,0.0,0.0,24.601711483333336,22.94106293333333,0.0,0.0,0.0,27.7,99
2020-06-16 20:00:00,0.0,0.0,23.77577763333333,21.432883200000003,0.0,0.0,0.0,27.7,97
2020-06-16 21:00:00,0.0,0.0,23.438153320238097,21.46493974285714,0.0,0.0,0.0,27.6,99
2020-06-16 22:00:00,0.0,0.0,22.93637895,20.77158915,0.0,0.0,0.0,27.5,99
2020-06-16 23:00:00,0.0,0.0,22.93180405357143,21.328507840476192,0.0,0.0,0.0,26.8,100
2020-06-17 00:00:00,0.0,0.0,22.84661708333333,21.3537969,0.0,0.0,0.0,25.9,99
2020-06-17 01:00:00,0.0,0.0,22.70078012738095,21.291285702380957,0.0,0.0,0.0,26.1,100
2020-06-17 02:00:00,0.0,0.0,22.669676716666665,21.59547878333333,0.0,0.0,0.0,26.4,100
2020-06-17 03:00:00,0.0,0.0,22.807959297619043,22.40489265714286,0.0,0.0,0.0,26.6,100
2020-06-17 04:00:00,0.0,0.0,22.6337062,21.78957065,0.0,0.0,0.0,26.5,100
2020-06-17 05:00:00,0.0,0.0,22.1459081,21.3688746,0.0,0.0,2.0,26.8,100
2020-06-17 06:00:00,441.624107143,4548.339285715,22.015593156593408,21.87703725824176,0.0240950040032142,24.0950040032142,39.0,26.9,100
2020-06-17 07:00:00,5672.172767875,57797.16964325,22.88926995,27.37764788333333,0.1832724854833333,183.2724854833333,75.0,27.1,100
2020-06-17 08:00:00,8210.82812495,83552.62053625,24.123298365476188,31.94510546309524,0.2584396757380952,258.43967573809516,88.0,27.4,100
2020-06-17 09:00:00,12425.151339275,126797.4955355,25.1595343,35.887899166666664,0.3885344908333333,388.5344908333333,154.0,27.3,100
2020-06-17 10:00:00,14456.520089275,147595.07142875,26.073765203571423,39.44395437142857,0.4612407089166667,461.2407089166667,127.0,27.3,100
2020-06-17 11:00:00,18258.048214325,186699.638395,27.000588,41.90951625,0.611262627,611.262627,94.0,27.1,100
2020-06-17 12:00:00,24023.68973255,246067.8705415,28.7729528,51.18236736666668,0.8368484455,836.8484455,197.0,27.7,100
2020-06-17 13:00:00,18241.05714285,186492.8616075,28.77205324404762,43.960901871428575,0.587629486095238,587.629486095238,226.0,28.3,100
2020-06-17 14:00:00,15344.71026785,156749.5758925,28.689971966666665,42.2812987,0.4926753458333333,492.67534583333327,251.0,28.9,100
2020-06-17 15:00:00,4637.74910721,47399.97767825,26.42654375357143,31.00547588928571,0.140689634795238,140.689634795238,170.0,29.1,99
2020-06-17 16:00:00,5294.725,54000.4330355,24.0497446,27.60725191666667,0.1562737944499999,156.27379444999988,140.0,28.3,100
2020-06-17 17:00:00,2766.84794638,28397.772321875,24.210150170887445,26.24752226601732,0.0866563529958874,86.6563529958874,55.0,29.1,100
2020-06-17 18:00:00,543.57232143,5620.299107195,23.897948291666665,23.64455114047619,0.018107809765738,18.107809765738,19.0,28.5,100
2020-06-17 19:00:00,0.0,0.0,23.3677755,22.418034866666662,0.0,0.0,0.0,28.0,99
2020-06-17 20:00:00,0.0,0.0,22.918253675,21.024839270238097,0.0,0.0,0.0,27.9,98
2020-06-17 21:00:00,0.0,0.0,22.9815333,21.7355113,0.0,0.0,0.0,27.9,99
2020-06-17 22:00:00,0.0,0.0,22.27117868333333,21.060298116666665,0.0,0.0,0.0,28.1,100
2020-06-17 23:00:00,0.0,0.0,22.004218177380952,20.815292605952383,0.0,0.0,0.0,27.8,100
